Timestamp for sample frequency every 60 min min,Temperature_Fahrenheit,Relative_Humidity
2025-05-13 12:46:00,71.06,88.6
2025-05-13 13:46:00,64.22,82.9
2025-05-13 14:46:00,63.86,84.3
2025-05-13 15:46:00,64.04,82.9
2025-05-13 16:46:00,64.22,83
2025-05-13 17:46:00,64.22,83.4
2025-05-13 18:46:00,64.22,83.2
2025-05-13 19:46:00,64.4,83.2
2025-05-13 20:46:00,64.22,83.5
2025-05-13 21:46:00,64.4,83.8
2025-05-13 22:46:00,64.4,84.2
2025-05-13 23:46:00,64.4,84.5
2025-05-14 00:46:00,64.4,84.5
2025-05-14 01:46:00,64.22,84.4
2025-05-14 02:46:00,64.22,84.6
2025-05-14 03:46:00,64.22,84.7
2025-05-14 04:46:00,64.22,84.8
2025-05-14 05:46:00,64.22,84.9
2025-05-14 06:46:00,64.22,84.9
2025-05-14 07:46:00,64.22,85
2025-05-14 08:46:00,64.22,85.7
2025-05-14 09:46:00,64.04,85
2025-05-14 10:46:00,64.04,84.8
2025-05-14 11:46:00,64.04,84.7
2025-05-14 12:46:00,63.86,85.2
2025-05-14 13:46:00,64.22,84.2
2025-05-14 14:46:00,64.22,85
2025-05-14 15:46:00,64.22,84.8
2025-05-14 16:46:00,64.58,84.7
2025-05-14 17:46:00,64.4,85
2025-05-14 18:46:00,64.76,84.9
2025-05-14 19:46:00,64.76,84.7
2025-05-14 20:46:00,64.76,85
2025-05-14 21:46:00,64.76,85.6
2025-05-14 22:46:00,64.94,86.2
2025-05-14 23:46:00,64.94,86.8
2025-05-15 00:46:00,65.12,87.1
2025-05-15 01:46:00,65.12,87.4
2025-05-15 02:46:00,64.94,88.1
2025-05-15 03:46:00,64.76,88.1
2025-05-15 04:46:00,64.76,87.5
2025-05-15 05:46:00,64.58,87.1
2025-05-15 06:46:00,64.58,87.1
2025-05-15 07:46:00,64.4,86.9
2025-05-15 08:46:00,64.58,87.4
2025-05-15 09:46:00,64.94,87.3
2025-05-15 10:46:00,65.12,86.8
2025-05-15 11:46:00,65.3,86.8
2025-05-15 12:46:00,65.84,85.7
2025-05-15 13:46:00,65.84,86.5
2025-05-15 14:46:00,65.84,85.8
2025-05-15 15:46:00,66.02,85.4
2025-05-15 16:46:00,66.38,85
2025-05-15 17:46:00,66.2,85.1
2025-05-15 18:46:00,66.92,87.6
2025-05-15 19:46:00,66.74,87.7
2025-05-15 20:46:00,66.2,84.7
2025-05-15 21:46:00,66.2,85.1
2025-05-15 22:46:00,66.2,85
2025-05-15 23:46:00,66.02,84.9
2025-05-16 00:46:00,66.2,86.4
2025-05-16 01:46:00,66.2,86.7
2025-05-16 02:46:00,66.02,86.6
2025-05-16 03:46:00,66.2,87.1
2025-05-16 04:46:00,66.02,87.5
2025-05-16 05:46:00,66.02,87.4
2025-05-16 06:46:00,66.2,87.3
2025-05-16 07:46:00,65.84,88
2025-05-16 08:46:00,66.38,88
2025-05-16 09:46:00,66.92,89.1
2025-05-16 10:46:00,67.1,88.9
2025-05-16 11:46:00,66.56,88.3
2025-05-16 12:46:00,66.74,88.1
2025-05-16 17:46:00,66.02,4.18
2025-05-16 18:46:00,66.02,0.44
2025-05-17 06:46:00,65.41,5.12
2025-05-17 13:46:00,66.74,81.2
2025-05-17 14:46:00,66.38,81.2
2025-05-17 15:46:00,67.1,75.9
2025-05-17 16:46:00,66.92,74.7
2025-05-17 17:46:00,66.74,74.4
2025-05-17 18:46:00,66.56,76.5
2025-05-17 19:46:00,66.74,76.3
2025-05-17 20:46:00,66.56,76.3
2025-05-17 21:46:00,66.38,77.9
2025-05-17 22:46:00,66.38,77.9
2025-05-17 23:46:00,66.38,77.3
2025-05-18 00:46:00,66.06,77.4
2025-05-18 01:46:00,66.38,77
2025-05-18 02:46:00,65.98,74.24
2025-05-18 03:46:00,66.02,77.4
2025-05-18 10:46:00,65.84,79.2
2025-05-18 12:46:00,66.02,79.4
2025-05-18 13:46:00,66.2,78.1
2025-05-18 14:46:00,66.02,79
2025-05-18 16:46:00,66.38,79.6
2025-05-18 17:46:00,66.2,80.3
2025-05-18 18:46:00,66.38,77.8
2025-05-18 19:46:00,66.38,79.8
2025-05-18 20:46:00,66.38,80.3
2025-05-18 21:46:00,66.38,79.4
2025-05-18 22:46:00,66.38,78.8
2025-05-18 23:46:00,66.38,79.3
2025-05-19 00:46:00,66.2,79.7
2025-05-19 01:46:00,66.02,81.8
2025-05-19 02:46:00,66.02,82.1
2025-05-19 03:46:00,65.84,82.6
2025-05-19 04:46:00,65.66,82.7
2025-05-19 05:46:00,65.66,82.8
2025-05-19 06:46:00,65.48,82.9
2025-05-19 07:46:00,65.3,83
2025-05-19 08:46:00,65.48,83.4
2025-05-19 10:46:00,66.02,81.8
2025-05-19 11:46:00,66.2,82.8
2025-05-19 12:46:00,66.2,83.1
2025-05-19 13:46:00,66.2,83.7
2025-05-19 14:46:00,66.38,84.7
2025-05-19 15:46:00,66.38,84.4
2025-05-19 16:46:00,66.56,84
2025-05-19 17:46:00,66.38,84.3
2025-05-19 18:46:00,66.56,84.6
2025-05-19 19:46:00,66.38,84
2025-05-19 20:46:00,66.38,84.8
2025-05-19 21:46:00,66.56,85.2
2025-05-19 22:46:00,66.56,85.3
2025-05-19 23:46:00,66.56,85.7
2025-05-20 00:46:00,66.56,86.4
2025-05-20 01:46:00,66.38,86.9
2025-05-20 02:46:00,66.38,86.8
2025-05-20 03:46:00,66.2,86.8
2025-05-20 04:46:00,66.2,86
2025-05-20 05:46:00,66.2,85.5
2025-05-20 06:46:00,66.02,85.2
2025-05-20 07:46:00,66.02,84.6
2025-05-20 08:46:00,66.2,85.3
2025-05-20 09:46:00,66.38,86.1
2025-05-20 10:46:00,66.38,85.6
2025-05-20 11:46:00,66.38,85.2
2025-05-20 12:46:00,66.38,86.2
2025-05-20 13:46:00,66.56,86.3
2025-05-20 14:46:00,66.74,86.1
2025-05-20 15:46:00,66.74,86.6
2025-05-20 16:46:00,66.74,87.3
2025-05-20 17:46:00,66.92,87.4
2025-05-20 18:46:00,66.92,87.9
2025-05-20 19:46:00,66.92,88.3
2025-05-20 20:46:00,66.92,88.2
2025-05-20 21:46:00,66.92,87.8
2025-05-20 22:46:00,66.92,87.4
2025-05-20 23:46:00,66.92,87.3
2025-05-21 00:46:00,66.92,87.5
2025-05-21 01:46:00,66.92,89.6
2025-05-21 02:46:00,66.92,89.9
2025-05-21 03:46:00,66.92,90
2025-05-21 04:46:00,66.74,89
2025-05-21 05:46:00,66.74,88.8
2025-05-21 06:46:00,66.56,88.7
2025-05-21 07:46:00,66.56,88.7
2025-05-21 08:46:00,66.56,88.6
2025-05-21 09:46:00,66.74,88.7
2025-05-21 10:46:00,66.92,87.3
2025-05-21 11:46:00,66.92,86.7
2025-05-21 12:46:00,66.92,86.4
2025-05-21 13:46:00,66.74,86.7
2025-05-21 14:46:00,66.74,85
2025-05-21 15:46:00,66.56,83.2
2025-05-21 16:46:00,66.38,82.8
2025-05-22 05:46:00,64.76,74.88
2025-05-22 07:46:00,64.58,80
2025-05-22 08:46:00,64.58,77.9
2025-05-22 09:46:00,64.58,76.6
2025-05-22 11:46:00,64.76,74.6
2025-05-22 12:46:00,64.58,72.9
2025-05-22 13:46:00,64.58,71.4
2025-05-22 14:46:00,64.76,71.6
2025-05-22 15:46:00,64.76,71.9
2025-05-28 19:46:00,63.68,87.22
2025-05-28 21:46:00,63.68,87.06
2025-05-28 23:46:00,63.68,87.04
2025-05-29 15:46:00,64.22,89.2
2025-05-29 16:46:00,64.4,89.2
2025-05-29 17:46:00,64.22,88.9
2025-05-30 01:46:00,63.86,88.4
2025-05-30 03:46:00,63.86,88.3
2025-05-31 16:46:00,63.32,82.6
2025-05-31 17:46:00,63.5,82.2
2025-05-31 18:46:00,63.86,81.2
2025-05-31 19:46:00,64.04,79.5
2025-05-31 20:46:00,63.68,81.3
2025-05-31 21:46:00,63.5,82.3
2025-05-31 22:46:00,63.5,82
2025-05-31 23:46:00,63.5,81.2
2025-06-01 00:46:00,63.5,81.4
2025-06-01 01:46:00,63.32,81.6
2025-06-01 02:46:00,63.32,82.3
2025-06-01 03:46:00,63.32,82.4
2025-06-01 04:46:00,63.32,83.1
2025-06-01 05:46:00,63.32,83.6
2025-06-01 06:46:00,63.32,85.8
2025-06-01 07:46:00,63.14,84.1
2025-06-01 08:46:00,63.32,83.7
2025-06-01 09:46:00,63.32,84
2025-06-01 10:46:00,63.68,82.6
2025-06-01 11:46:00,63.68,82
2025-06-01 12:46:00,63.68,82.9
2025-06-01 13:46:00,63.68,83.6
2025-06-01 14:46:00,63.68,83.6
2025-06-01 15:46:00,63.68,83.2
2025-06-01 16:46:00,63.68,83.6
2025-06-01 17:46:00,63.86,83.6
2025-06-01 18:46:00,63.68,83.6
2025-06-01 19:46:00,63.86,83.8
2025-06-01 20:46:00,63.86,84.1
2025-06-01 21:46:00,65.84,81.94
2025-06-01 22:46:00,65.44,82.72
2025-06-01 23:46:00,63.86,85.1
2025-06-02 00:46:00,63.86,85.2
2025-06-02 01:46:00,63.68,85.4
2025-06-02 03:46:00,63.68,85.6
2025-06-02 04:46:00,63.5,85.8
2025-06-02 06:46:00,63.5,86.6
2025-06-02 07:46:00,63.32,86.1
2025-06-02 08:46:00,63.32,87.4
2025-06-02 14:46:00,64.26,85.76
2025-06-02 15:46:00,64.26,84.48
2025-06-02 23:46:00,64.26,84.86
2025-06-03 04:46:00,64.22,86.7
2025-06-03 09:46:00,64.22,86.5
2025-06-03 10:46:00,64.4,86.5
2025-06-03 11:46:00,64.4,86.5
2025-06-03 12:46:00,64.58,86.4
2025-06-03 13:46:00,65.12,85.4
2025-06-03 14:46:00,65.3,85.4
2025-06-03 15:46:00,65.48,85.4
2025-06-03 16:46:00,65.12,86.2
2025-06-03 17:46:00,65.66,85
2025-06-03 18:46:00,65.66,85.5
2025-06-03 19:46:00,65.66,85.7
2025-06-03 20:46:00,65.48,85.7
2025-06-03 21:46:00,65.3,85.5
2025-06-03 22:46:00,65.3,85.4
2025-06-03 23:46:00,65.3,85.8
2025-06-04 00:46:00,65.12,85.5
2025-06-04 01:46:00,65.12,86
2025-06-04 02:46:00,65.12,85.9
2025-06-04 07:46:00,64.94,85.7
2025-06-04 08:46:00,64.94,85.5
2025-06-04 11:46:00,65.3,85.5
2025-06-04 12:46:00,65.3,86.1
2025-06-04 13:46:00,65.48,86
2025-06-04 14:46:00,65.48,86.5
2025-06-04 15:46:00,65.66,86.6
2025-06-04 17:46:00,65.84,87.5
2025-06-04 18:46:00,65.84,87.8
2025-06-04 23:46:00,65.84,87.7
2025-06-05 01:46:00,65.84,88.3
2025-06-05 03:46:00,65.48,87.8
2025-06-05 04:46:00,65.48,87.7
2025-06-05 05:46:00,65.48,88.1
2025-06-05 06:46:00,65.3,87.9
2025-06-05 07:46:00,65.3,87.4
2025-06-05 08:46:00,65.3,86.6
2025-06-05 09:46:00,65.12,87.5
2025-06-05 10:46:00,65.3,88.1
2025-06-05 11:46:00,65.48,88.3
2025-06-05 12:46:00,65.48,88.4
2025-06-05 13:46:00,65.66,89
2025-06-05 14:46:00,65.48,87.5
2025-06-05 15:46:00,65.48,88.4
2025-06-05 16:46:00,65.66,89.3
2025-06-05 17:46:00,65.84,89.2
2025-06-05 18:46:00,65.66,89
2025-06-05 19:46:00,65.66,89
2025-06-05 20:46:00,65.66,89.1
2025-06-05 21:46:00,65.66,89
2025-06-05 22:46:00,65.66,88.4
2025-06-05 23:46:00,65.66,88.6
2025-06-06 00:46:00,65.66,88.8
2025-06-06 01:46:00,65.66,88.8
2025-06-06 02:46:00,65.66,88.8
2025-06-06 03:46:00,65.48,89.1
2025-06-06 04:46:00,65.48,89.2
2025-06-06 05:46:00,65.48,89.6
2025-06-06 06:46:00,65.48,89.9
2025-06-06 11:46:00,65.48,87.5
2025-06-06 12:46:00,65.48,86.9
2025-06-06 16:46:00,65.84,86.7
2025-06-07 14:46:00,65.98,87.04
2025-06-07 16:46:00,66.2,89
2025-06-07 17:46:00,66.02,87.5
2025-06-07 18:46:00,66.02,87.4
2025-06-07 20:46:00,66.38,90
2025-06-07 21:46:00,66.38,90.3
2025-06-07 22:46:00,66.38,90.7
2025-06-08 01:46:00,66.02,90.3
2025-06-08 02:46:00,66.02,89.9
2025-06-08 03:46:00,66.02,89.7
2025-06-08 04:46:00,65.84,89.8
2025-06-08 05:46:00,65.84,89.7
2025-06-08 06:46:00,65.66,90
2025-06-08 13:46:00,67.82,84.7
2025-06-08 14:46:00,67.64,83.7
2025-06-08 15:46:00,66.92,85.9
2025-06-08 17:46:00,67.1,85.4
2025-06-09 13:46:00,66.92,82.9
2025-06-09 16:46:00,66.92,83.2
2025-06-10 05:46:00,66.02,88.9
2025-06-13 08:46:00,66.38,89.9
2025-06-13 09:46:00,66.38,90.3
2025-06-13 10:46:00,66.74,90.9
2025-06-13 11:46:00,66.92,91.4
2025-06-13 12:46:00,67.1,91.8
2025-06-25 12:46:00,67.82,88.7
2025-06-25 13:46:00,67.82,87.4
2025-06-25 14:46:00,68,88.7
2025-06-25 15:46:00,67.82,90.9
2025-06-25 16:46:00,68,92.2
2025-06-25 17:46:00,68.18,92.1
2025-06-25 18:46:00,68,92.1
2025-06-25 19:46:00,68,91.7
2025-06-25 20:46:00,68,91.8
2025-06-25 21:46:00,68,91.9
2025-06-25 22:46:00,68,91.6
2025-06-25 23:46:00,68,90.5
2025-06-26 00:46:00,68,92.1
2025-06-26 01:46:00,67.82,90.1
2025-06-26 02:46:00,67.82,90.3
2025-06-26 03:46:00,67.82,91.1
2025-06-26 04:46:00,67.82,91.1
2025-06-26 05:46:00,67.82,91.2
2025-06-26 06:46:00,67.82,90.7
2025-06-26 07:46:00,67.82,90.9
2025-06-26 08:46:00,67.82,89.9
2025-06-26 09:46:00,67.82,89.7
2025-06-26 10:46:00,67.82,89
2025-06-26 11:46:00,68.18,90.6
2025-06-26 12:46:00,68,89.3
2025-06-26 13:46:00,68,89
2025-06-26 14:46:00,67.82,90.1
2025-06-26 15:46:00,67.82,89.1
2025-06-26 16:46:00,67.82,91.4
2025-06-26 17:46:00,67.82,90
2025-06-26 18:46:00,67.82,91.5
2025-06-26 19:46:00,67.82,91.6
2025-06-26 20:46:00,67.82,91.6
2025-06-26 21:46:00,67.82,90.5
2025-06-26 22:46:00,67.82,90.2
2025-06-26 23:46:00,67.82,90.6
2025-06-27 00:46:00,67.82,90.6
2025-06-27 01:46:00,67.64,90.7
2025-06-27 02:46:00,67.64,90.1
2025-06-27 03:46:00,67.64,89.8
2025-06-27 04:46:00,67.46,89.5
2025-06-27 05:46:00,67.46,89.6
2025-06-27 06:46:00,67.28,89.5
2025-06-27 07:46:00,67.28,89.5
2025-06-27 08:46:00,67.28,90.2
2025-06-27 09:46:00,67.46,89.7
2025-06-27 10:46:00,67.46,89.3
2025-06-27 11:46:00,67.46,89.3
2025-06-27 12:46:00,67.64,88.7
2025-06-27 13:46:00,67.64,89
2025-06-27 14:46:00,67.64,90.1
2025-06-27 15:46:00,67.64,91.9
2025-06-27 16:46:00,67.82,91.5
2025-06-27 17:46:00,68,91.1
2025-06-27 18:46:00,67.82,92.5
2025-06-27 19:46:00,67.82,92.1
2025-06-27 20:46:00,67.82,89
2025-06-27 21:46:00,67.82,91.7
2025-06-27 22:46:00,67.82,89.4
2025-06-27 23:46:00,67.82,89.3
2025-06-28 00:46:00,67.82,89.6
2025-06-28 01:46:00,68,90.4
2025-06-28 02:46:00,68,90.5
2025-06-28 03:46:00,67.82,90.3
2025-06-28 04:46:00,67.82,90.1
2025-06-28 05:46:00,67.82,90.1
2025-06-28 06:46:00,67.82,89.9
2025-06-28 07:46:00,67.82,89.9
2025-06-28 08:46:00,67.82,90.7
2025-06-28 09:46:00,67.82,89.8
2025-06-28 10:46:00,67.82,89.5
2025-06-28 11:46:00,67.82,89.3
2025-06-28 12:46:00,68,89.3
2025-06-28 13:46:00,68.36,89.7
2025-06-28 14:46:00,68.18,89
2025-06-28 15:46:00,68,90.6
2025-06-28 16:46:00,67.82,90.7
2025-06-28 17:46:00,67.82,90
2025-06-28 18:46:00,67.82,91.4
2025-06-28 19:46:00,67.82,91.4
2025-06-28 20:46:00,67.82,91.8
2025-06-28 21:46:00,67.82,92
2025-06-28 22:46:00,67.82,90.6
2025-06-28 23:46:00,67.82,90.2
2025-06-29 00:46:00,67.82,90.2
2025-06-29 01:46:00,67.82,90.4
2025-06-29 02:46:00,67.82,90.7
2025-06-29 03:46:00,67.82,90.9
2025-06-29 04:46:00,67.82,90.9
2025-06-29 05:46:00,67.82,90.6
2025-06-29 06:46:00,67.82,90.3
2025-06-29 07:46:00,67.82,90.5
2025-06-29 08:46:00,67.82,90.1
2025-06-29 09:46:00,67.82,90.4
2025-06-29 10:46:00,68,90.4
2025-06-29 11:46:00,67.82,89.1
2025-06-29 12:46:00,67.82,88.2
2025-06-29 13:46:00,67.82,89
2025-06-29 14:46:00,67.82,92
2025-06-29 16:46:00,68.18,90.1
2025-06-29 18:46:00,68.36,90.3
2025-06-29 19:46:00,68.36,90.4
2025-06-29 20:46:00,68.18,89.8
2025-06-29 21:46:00,68,90.4
2025-06-29 22:46:00,68.18,89.9
2025-06-29 23:46:00,68.18,89.8
2025-06-30 00:46:00,68.18,90.6
2025-06-30 01:46:00,68.18,90.3
2025-06-30 02:46:00,68.18,90.3
2025-06-30 03:46:00,68.18,90.7
2025-06-30 04:46:00,68,90.7
2025-06-30 05:46:00,68,91
2025-06-30 06:46:00,68,91.1
2025-06-30 07:46:00,68,91.1
2025-06-30 08:46:00,68,90.9
2025-06-30 09:46:00,68,91.1
2025-06-30 10:46:00,68,90.4
2025-06-30 11:46:00,68.36,90.9
2025-06-30 12:46:00,68.36,90.5
2025-06-30 13:46:00,68.72,91.3
2025-06-30 14:46:00,68.72,92.3
2025-06-30 15:46:00,68.72,91
2025-06-30 16:46:00,68.36,91.3
2025-06-30 17:46:00,68.72,90.3
2025-06-30 18:46:00,68.54,90.4
2025-06-30 19:46:00,68.36,89.9
2025-06-30 20:46:00,68.18,91.7
2025-06-30 21:46:00,68.18,91.6
2025-06-30 22:46:00,68.18,91.8
2025-06-30 23:46:00,68,89.8
2025-07-01 00:46:00,68,89.9
2025-07-01 01:46:00,68.18,89.9
2025-07-01 02:46:00,68.18,90.2
2025-07-01 03:46:00,68.18,90.2
2025-07-01 04:46:00,68.18,90.8
2025-07-01 05:46:00,68.18,90.6
2025-07-01 06:46:00,68.18,90.5
2025-07-01 07:46:00,68.18,90.6
2025-07-01 08:46:00,68.18,91
2025-07-01 09:46:00,68.18,90.2
2025-07-01 10:46:00,68.18,90
2025-07-01 11:46:00,68.54,90.2
2025-07-01 12:46:00,68.18,89.8
2025-07-01 13:46:00,68.9,90.4
2025-07-01 14:46:00,69.44,91.4
2025-07-01 15:46:00,68.9,90.4
2025-07-01 16:46:00,68.9,92.7
2025-07-01 17:46:00,68.72,90.6
2025-07-01 18:46:00,68.9,91.3
2025-07-01 19:46:00,68.72,91.2
2025-07-01 20:46:00,68.72,91.3
2025-07-01 21:46:00,68.72,92
2025-07-01 22:46:00,68.72,91.7
2025-07-01 23:46:00,68.54,91.3
2025-07-02 00:46:00,68.54,91.4
2025-07-02 01:46:00,68.54,91.3
2025-07-02 02:46:00,68.54,91.5
2025-07-02 03:46:00,68.36,91.7
2025-07-02 04:46:00,68.36,91.5
2025-07-02 05:46:00,68.36,91.1
2025-07-02 06:46:00,68.36,90.7
2025-07-02 07:46:00,68.18,90.2
2025-07-02 08:46:00,68.18,89.7
2025-07-02 09:46:00,68.18,89.7
2025-07-02 10:46:00,68,89.6
2025-07-02 11:46:00,68,89.2
2025-07-02 12:46:00,67.82,88.5
2025-07-02 13:46:00,68.18,89
2025-07-02 14:46:00,68.18,88.5
2025-07-02 15:46:00,68.54,88
2025-07-02 16:46:00,68.36,87.7
2025-07-02 19:46:00,68.18,88
2025-07-02 20:46:00,68,90.9
2025-07-02 21:46:00,68,90.8
2025-07-02 22:46:00,68,91
2025-07-02 23:46:00,68,90.5
2025-07-03 00:46:00,68.18,89.6
2025-07-03 01:46:00,68.18,89.5
2025-07-03 02:46:00,68.18,89.9
2025-07-03 03:46:00,68.18,90
2025-07-03 04:46:00,68.18,90
2025-07-03 05:46:00,68.18,90
2025-07-03 06:46:00,68.18,90
2025-07-03 07:46:00,68.18,90.3
2025-07-03 08:46:00,68.18,90
2025-07-03 09:46:00,68.18,89.9
2025-07-03 10:46:00,68,88.6
2025-07-03 11:46:00,68,87.8
2025-07-03 12:46:00,68,87.8
2025-07-03 13:46:00,68.18,86.7
2025-07-03 14:46:00,68,88.5
2025-07-03 15:46:00,68,88.2
2025-07-03 16:46:00,68,87.1
2025-07-03 18:46:00,68,86.4
2025-07-03 19:46:00,68,88.5
2025-07-03 20:46:00,68,89.8
2025-07-03 22:46:00,68,90.7
2025-07-03 23:46:00,68,90.1
2025-07-04 00:46:00,68,89.3
2025-07-04 01:46:00,68,88.8
2025-07-04 02:46:00,68.18,88.6
2025-07-04 03:46:00,68.18,89
2025-07-04 04:46:00,68.18,89.3
2025-07-04 05:46:00,68.18,89
2025-07-04 06:46:00,68.18,89.2
2025-07-04 07:46:00,68,89.3
2025-07-04 08:46:00,68.18,89.4
2025-07-04 09:46:00,68.18,89
2025-07-04 10:46:00,68.36,88.6
2025-07-04 11:46:00,68.18,87.4
2025-07-04 12:46:00,68.18,87.5
2025-07-04 13:46:00,68,89.7
2025-07-04 14:46:00,68,89.9
2025-07-04 15:46:00,68,89
2025-07-04 16:46:00,68,89.9
2025-07-04 17:46:00,68,89.5
2025-07-04 18:46:00,68,89.4
2025-07-04 19:46:00,68,89.1
2025-07-04 20:46:00,68,89.5
2025-07-04 21:46:00,68,89.9
2025-07-04 22:46:00,68,90
2025-07-04 23:46:00,68,90.4
2025-07-05 00:46:00,68,88.5
2025-07-05 01:46:00,68.18,88.5
2025-07-05 02:46:00,68.18,89.1
2025-07-05 03:46:00,68.18,89
2025-07-05 04:46:00,68.18,88.9
2025-07-05 05:46:00,68,88.9
2025-07-05 06:46:00,68,88.8
2025-07-05 07:46:00,68,89.1
2025-07-05 08:46:00,68,89.3
2025-07-05 09:46:00,68.18,89
2025-07-05 10:46:00,68.18,88.9
2025-07-05 11:46:00,68.18,88.7
2025-07-05 12:46:00,68,88.1
2025-07-05 13:46:00,68.18,88
2025-07-05 14:46:00,68.36,90.2
2025-07-05 15:46:00,68.36,87.5
2025-07-05 16:46:00,68.18,90
2025-07-05 17:46:00,68.18,89.9
2025-07-05 18:46:00,68.18,89.9
2025-07-05 19:46:00,68.18,90
2025-07-05 20:46:00,68,89.5
2025-07-05 21:46:00,68,90
2025-07-05 22:46:00,68,90
2025-07-05 23:46:00,68,89.3
2025-07-06 00:46:00,68,89
2025-07-06 01:46:00,68,87.9
2025-07-06 02:46:00,68.18,87.1
2025-07-06 03:46:00,68,88
2025-07-06 04:46:00,68,88.2
2025-07-06 05:46:00,68,88.8
2025-07-06 06:46:00,67.82,88.9
2025-07-06 07:46:00,67.82,88.4
2025-07-06 08:46:00,67.82,88.6
2025-07-06 09:46:00,68,87.6
2025-07-06 10:46:00,67.82,87.1
2025-07-06 11:46:00,67.82,86.7
2025-07-06 12:46:00,68,86.4
2025-07-06 13:46:00,68,86.4
2025-07-06 14:46:00,68.18,86.5
2025-07-06 15:46:00,68.18,85.8
2025-07-06 16:46:00,68.72,85.8
2025-07-06 17:46:00,68.36,85.4
2025-07-06 18:46:00,68.36,85.7
2025-07-06 19:46:00,68.18,86.9
2025-07-06 20:46:00,68,88.9
2025-07-06 21:46:00,68,89.7
2025-07-06 22:46:00,68,89.4
2025-07-06 23:46:00,68,87.7
2025-07-07 00:46:00,68.18,88.1
2025-07-07 01:46:00,68.18,87.8
2025-07-07 02:46:00,68.18,88.2
2025-07-07 03:46:00,68.18,88.3
2025-07-07 04:46:00,68.18,88.3
2025-07-07 05:46:00,68.18,88.6
2025-07-07 06:46:00,68.18,88.8
2025-07-07 07:46:00,68.18,89.2
2025-07-07 08:46:00,68.18,88.3
2025-07-07 09:46:00,68.18,87.5
2025-07-07 10:46:00,68,86.6
2025-07-07 11:46:00,68.18,86.8
2025-07-07 12:46:00,68.36,87.3
2025-07-07 13:46:00,68.36,86.6
2025-07-07 14:46:00,69.08,86.7
2025-07-07 15:46:00,68.72,88.3
2025-07-07 16:46:00,68.72,89.2
2025-07-07 17:46:00,68.54,88.3
2025-07-07 18:46:00,68.54,90.2
2025-07-07 19:46:00,68.54,90.3
2025-07-07 20:46:00,68.36,90.7
2025-07-07 21:46:00,68.36,90.9
2025-07-07 22:46:00,68.36,91.3
2025-07-07 23:46:00,68.36,90.8
2025-07-08 00:46:00,68.36,90.9
2025-07-08 01:46:00,68.36,89.5
2025-07-08 02:46:00,68.36,89.1
2025-07-08 03:46:00,68.36,89.3
2025-07-08 04:46:00,68.36,89.9
2025-07-08 05:46:00,68.36,90.3
2025-07-08 06:46:00,68.36,90.2
2025-07-08 07:46:00,68.36,90.3
2025-07-08 08:46:00,68.36,89.4
2025-07-08 09:46:00,68.36,88.7
2025-07-08 10:46:00,68.18,88.2
2025-07-08 11:46:00,68.36,88.2
2025-07-08 12:46:00,68.72,88.4
2025-07-08 13:46:00,68.36,87.3
2025-07-08 14:46:00,68.9,87.7
2025-07-08 15:46:00,68.72,89.8
2025-07-08 16:46:00,68.54,91.2
2025-07-08 17:46:00,68.36,90.3
2025-07-08 18:46:00,68.54,88.8
2025-07-08 19:46:00,69.26,89.9
2025-07-08 20:46:00,68.9,89
2025-07-08 21:46:00,33.01,90.26
2025-07-08 22:46:00,68.72,88.9
2025-07-08 23:46:00,68.72,89.4
2025-07-09 00:46:00,68.72,89.2
2025-07-09 01:46:00,69.26,89.76
2025-07-09 02:46:00,68.72,89.7
2025-07-09 03:46:00,68.72,90
2025-07-09 04:46:00,68.72,90.2
2025-07-09 05:46:00,68.54,90.3
2025-07-09 06:46:00,68.54,90.3
2025-07-09 07:46:00,68.54,90
2025-07-09 08:46:00,68.54,89.6
2025-07-09 09:46:00,68.54,89.4
2025-07-09 10:46:00,68.72,90.2
2025-07-09 11:46:00,68.9,90.1
2025-07-09 12:46:00,69.26,90.4
2025-07-09 13:46:00,69.62,90.3
2025-07-09 14:46:00,69.44,82
2025-07-09 15:46:00,69.62,89.8
2025-07-09 16:46:00,69.98,91.4
2025-07-09 21:46:00,70.16,92.9
2025-07-09 22:46:00,70.16,92.8
2025-07-09 23:46:00,70.16,92.8
2025-07-10 00:46:00,70.16,92.8
2025-07-10 01:46:00,70.16,93
2025-07-10 02:46:00,70.16,93.1
2025-07-10 03:46:00,69.98,92.7
2025-07-10 04:46:00,69.98,92.9
2025-07-10 05:46:00,69.98,92.5
2025-07-10 06:46:00,69.98,92
2025-07-10 07:46:00,69.8,91.7
2025-07-10 08:46:00,69.8,92.3
2025-07-10 09:46:00,69.98,92.2
2025-07-10 10:46:00,69.98,91.6
2025-07-10 11:46:00,69.8,90.8
2025-07-10 12:46:00,69.8,91.1
2025-07-10 13:46:00,69.8,90.7
2025-07-10 14:46:00,70.52,91.1
2025-07-10 15:46:00,70.34,92.6
2025-07-10 16:46:00,70.34,92.9
2025-07-10 17:46:00,70.52,92.4
2025-07-10 18:46:00,70.52,92.1
2025-07-10 19:46:00,70.34,92
2025-07-10 20:46:00,70.16,91.7
2025-07-10 21:46:00,70.34,92.1
2025-07-10 22:46:00,70.34,92.2
2025-07-10 23:46:00,70.34,92.3
2025-07-11 00:46:00,70.34,92.3
2025-07-11 01:46:00,70.16,92.4
2025-07-11 02:46:00,69.98,92.1
2025-07-11 03:46:00,69.98,92.2
2025-07-11 04:46:00,69.98,92.3
2025-07-11 05:46:00,69.98,92.5
2025-07-11 06:46:00,69.98,92.5
2025-07-11 07:46:00,69.98,92.1
2025-07-11 08:46:00,69.98,92.4
2025-07-11 09:46:00,70.16,92.2
2025-07-11 10:46:00,70.16,92.1
2025-07-11 11:46:00,70.16,91.1
2025-07-11 12:46:00,70.16,91.3
2025-07-11 13:46:00,70.34,91.2
2025-07-11 14:46:00,70.52,91.5
2025-07-11 15:46:00,70.7,91
2025-07-11 16:46:00,70.52,91.6
2025-07-11 17:46:00,70.88,92.3
2025-07-11 18:46:00,70.7,91.6
2025-07-11 19:46:00,70.88,91.7
2025-07-11 20:46:00,70.7,91.5
2025-07-11 21:46:00,70.52,91.3
2025-07-11 22:46:00,70.52,91.7
2025-07-11 23:46:00,70.52,91.6
2025-07-12 00:46:00,70.52,91.8
2025-07-12 01:46:00,70.52,91.6
2025-07-12 02:46:00,70.34,91.7
2025-07-12 03:46:00,70.34,91.8
2025-07-12 04:46:00,70.34,91.9
2025-07-12 05:46:00,70.34,92
2025-07-12 06:46:00,70.16,92.1
2025-07-12 07:46:00,70.16,92.1
2025-07-12 08:46:00,70.16,91.5
2025-07-12 09:46:00,70.34,91.5
2025-07-12 10:46:00,70.34,91.1
2025-07-12 11:46:00,70.34,90.7
2025-07-12 12:46:00,70.34,90.9
2025-07-12 13:46:00,70.34,92.5
2025-07-12 14:46:00,70.52,90.9
2025-07-12 15:46:00,70.34,91.3
2025-07-12 16:46:00,70.34,92.6
2025-07-12 17:46:00,70.34,91.1
2025-07-12 18:46:00,70.52,91.2
2025-07-12 19:46:00,70.52,91.5
2025-07-12 21:46:00,70.52,91.6
2025-07-12 22:46:00,70.52,91.5
2025-07-12 23:46:00,70.52,92
2025-07-13 00:46:00,70.52,91.5
2025-07-13 01:46:00,70.52,92.2
2025-07-13 02:46:00,70.52,92.2
2025-07-13 03:46:00,70.34,92
2025-07-13 04:46:00,70.34,92
2025-07-13 05:46:00,70.16,91.9
2025-07-13 06:46:00,70.16,92
2025-07-13 07:46:00,70.16,91.9
2025-07-13 08:46:00,70.16,91.8
2025-07-13 09:46:00,70.34,91.8
2025-07-13 10:46:00,70.52,91.3
2025-07-13 11:46:00,70.34,90.5
2025-07-13 12:46:00,70.34,90.4
2025-07-13 13:46:00,70.34,91.2
2025-07-13 14:46:00,70.34,91.1
2025-07-13 15:46:00,70.52,90.1
2025-07-13 16:46:00,70.52,90.6
2025-07-13 17:46:00,71.42,89.6
2025-07-13 18:46:00,70.88,91.8
2025-07-13 19:46:00,70.88,92.7
2025-07-13 20:46:00,70.88,92.7
2025-07-13 21:46:00,70.7,92.6
2025-07-13 22:46:00,70.7,92.7
2025-07-13 23:46:00,70.7,92.7
2025-07-14 00:46:00,70.7,92.5
2025-07-14 01:46:00,70.7,92.5
2025-07-14 02:46:00,70.52,92.4
2025-07-14 03:46:00,70.52,92.6
2025-07-14 05:46:00,70.52,92
2025-07-14 06:46:00,70.52,92.2
2025-07-14 07:46:00,70.34,92.3
2025-07-14 08:46:00,70.34,92.3
2025-07-14 09:46:00,70.52,92.2
2025-07-14 15:46:00,70.88,90.9
2025-07-15 09:46:00,70.88,92
2025-07-15 10:46:00,70.88,91.7
2025-07-15 11:46:00,71.06,92.1
2025-07-15 12:46:00,71.24,91.7
2025-07-15 13:46:00,71.24,91.6
2025-07-15 14:46:00,71.78,91.4
2025-07-15 15:46:00,71.42,91.5
2025-07-15 16:46:00,71.24,92.4
2025-07-15 17:46:00,71.24,91.3
2025-07-15 18:46:00,71.06,92.8
2025-07-15 19:46:00,70.88,92.5
2025-07-15 20:46:00,70.88,92.7
2025-07-15 21:46:00,70.88,93.2
2025-07-15 22:46:00,70.88,93.5
2025-07-15 23:46:00,70.88,93.3
2025-07-16 00:46:00,70.88,92.6
2025-07-16 01:46:00,71.06,92.6
2025-07-16 02:46:00,70.88,92.7
2025-07-16 03:46:00,70.88,92.5
2025-07-16 04:46:00,70.88,92.3
2025-07-16 05:46:00,70.88,92.7
2025-07-16 06:46:00,70.88,92.6
2025-07-16 07:46:00,70.88,92.9
2025-07-16 08:46:00,70.88,92.2
2025-07-16 09:46:00,70.88,92.6
2025-07-16 10:46:00,71.06,92.7
2025-07-16 11:46:00,71.24,92.6
2025-07-16 12:46:00,71.24,92.6
2025-07-16 13:46:00,71.42,92
2025-07-16 14:46:00,72.32,91.2
2025-07-16 15:46:00,72.32,91.3
2025-07-16 16:46:00,72.68,90.8
2025-07-16 17:46:00,72.5,90.7
2025-07-16 18:46:00,72.32,90.5
2025-07-16 19:46:00,72.68,90.5
2025-07-16 20:46:00,72.32,91.1
2025-07-16 21:46:00,71.96,91.3
2025-07-16 22:46:00,71.78,91.4
2025-07-17 00:46:00,71.42,91.1
2025-07-17 01:46:00,71.42,90.9
2025-07-17 02:46:00,71.42,91
2025-07-17 03:46:00,71.42,91.6
2025-07-17 04:46:00,71.42,91.6
2025-07-17 05:46:00,71.42,91.7
2025-07-17 06:46:00,71.42,91.9
2025-07-17 07:46:00,71.42,92
2025-07-17 10:46:00,71.42,91.5
2025-07-18 09:46:00,71.42,93.3
2025-07-18 10:46:00,71.42,92.9
2025-07-18 11:46:00,71.24,91.9
2025-07-18 12:46:00,71.42,91.9
2025-07-18 13:46:00,71.24,92
2025-07-18 14:46:00,71.42,93
2025-07-18 15:46:00,71.96,92.9
2025-07-18 16:46:00,72.14,92.9
2025-07-18 17:46:00,72.14,92.8
2025-07-18 18:46:00,72.32,93.1
2025-07-18 19:46:00,72.14,94
2025-07-18 20:46:00,71.96,93.5
2025-07-18 21:46:00,71.78,93.2
2025-07-18 22:46:00,71.78,93.3
2025-07-18 23:46:00,71.6,93.2
2025-07-19 00:46:00,71.6,93.4
2025-07-19 01:46:00,71.6,93
2025-07-19 02:46:00,71.6,93.2
2025-07-19 03:46:00,71.42,93.2
2025-07-19 04:46:00,71.42,93.1
2025-07-19 05:46:00,71.42,92.9
2025-07-19 06:46:00,71.42,92.9
2025-07-19 07:46:00,71.42,93.1
2025-07-19 08:46:00,71.42,92.6
2025-07-19 09:46:00,71.24,93.4
2025-07-19 10:46:00,71.24,91.8
2025-07-19 11:46:00,71.42,91.9
2025-07-19 12:46:00,71.24,92
2025-07-19 14:46:00,72.14,91
2025-07-20 08:46:00,71.24,92.2
2025-07-20 10:46:00,71.24,81.92
2025-07-20 11:46:00,71.24,92.28
2025-07-20 12:46:00,68.86,83.06
2025-07-20 14:46:00,68.86,82.24
2025-07-20 15:46:00,68.86,92.16
2025-07-20 16:46:00,71.24,91.5
2025-07-20 17:46:00,71.78,92.2
2025-07-20 18:46:00,71.42,93.3
2025-07-20 19:46:00,71.24,92.2
2025-07-20 20:46:00,71.42,92.8
2025-07-20 21:46:00,71.24,93.3
2025-07-20 22:46:00,71.24,92.6
2025-07-20 23:46:00,71.24,92.2
2025-07-21 00:46:00,71.24,92.1
2025-07-21 01:46:00,71.24,92
2025-07-21 03:46:00,71.24,92.4
2025-07-21 05:46:00,71.24,92.3
2025-07-21 08:46:00,71.06,91.8
2025-07-21 10:46:00,71.24,91.4
2025-07-21 12:46:00,71.06,92.7
2025-07-21 13:46:00,71.06,92.8
2025-07-21 14:46:00,71.06,91.4
2025-07-21 15:46:00,70.88,91.1
2025-07-21 16:46:00,70.88,90.7
2025-07-21 17:46:00,71.06,90.2
2025-07-21 18:46:00,71.06,92.8
2025-07-21 19:46:00,71.06,92.8
2025-07-21 20:46:00,71.06,93.1
2025-07-21 21:46:00,71.06,93.2
2025-07-21 22:46:00,71.06,93.2
2025-07-21 23:46:00,70.88,93.3
2025-07-22 00:46:00,70.88,92.9
2025-07-22 01:46:00,70.88,92.9
2025-07-22 04:46:00,71.06,93.3
2025-07-22 05:46:00,71.06,93.1
2025-07-22 06:46:00,71.06,92.5
2025-07-22 07:46:00,71.06,92.2
2025-07-22 08:46:00,71.42,92.4
2025-07-22 09:46:00,71.42,92.1
2025-07-22 10:46:00,71.24,91.6
2025-07-22 11:46:00,71.06,91.8
2025-07-22 12:46:00,71.06,93
2025-07-22 13:46:00,71.24,93.8
2025-07-22 14:46:00,71.06,93.1
2025-07-22 15:46:00,71.24,93.7
2025-07-22 16:46:00,71.24,91.9
2025-07-22 17:46:00,71.24,94.2
2025-07-22 18:46:00,71.24,93.9
2025-07-22 19:46:00,71.24,93.7
2025-07-22 20:46:00,71.24,93.3
2025-07-22 21:46:00,71.24,92.8
2025-07-22 22:46:00,71.42,91.9
2025-07-22 23:46:00,71.42,91.4
2025-07-23 00:46:00,71.24,91.6
2025-07-23 01:46:00,71.42,91.3
2025-07-23 02:46:00,71.42,91.1
2025-07-23 03:46:00,71.24,91
2025-07-23 04:46:00,71.24,91.1
2025-07-23 05:46:00,71.42,91.3
2025-07-23 06:46:00,71.24,91.2
2025-07-23 07:46:00,71.24,91
2025-07-23 08:46:00,71.06,91
2025-07-23 09:46:00,71.06,91.1
2025-07-23 10:46:00,71.06,90.7
2025-07-23 11:46:00,71.24,91
2025-07-23 12:46:00,71.24,91.1
2025-07-23 13:46:00,71.42,91.1
2025-07-23 14:46:00,71.6,91.1
2025-07-23 15:46:00,71.42,90.5
2025-07-23 16:46:00,71.42,92.8
2025-07-23 17:46:00,71.42,91.3
2025-07-23 18:46:00,71.42,92.1
2025-07-23 19:46:00,71.42,92.3
2025-07-23 20:46:00,71.42,90.2
2025-07-23 21:46:00,71.42,89.4
2025-07-23 22:46:00,71.24,89.9
2025-07-23 23:46:00,71.24,88.4
2025-07-24 00:46:00,71.06,88.4
2025-07-24 01:46:00,71.06,88.3
2025-07-24 02:46:00,70.88,91.4
2025-07-24 03:46:00,70.88,90.5
2025-07-24 04:46:00,70.7,91.1
2025-07-24 05:46:00,70.7,91.1
2025-07-24 06:46:00,70.52,90.9
2025-07-24 07:46:00,70.52,91.1
2025-07-24 08:46:00,70.52,90.5
2025-07-24 09:46:00,70.7,89.2
2025-07-24 10:46:00,70.88,89.3
2025-07-24 11:46:00,71.24,88.6
2025-07-24 12:46:00,71.06,89.4
2025-07-24 13:46:00,71.06,89.2
2025-07-24 14:46:00,71.42,89
2025-07-24 15:46:00,71.42,88.8
2025-07-24 16:46:00,71.42,89.9
2025-07-24 17:46:00,71.42,91.1
2025-07-24 18:46:00,71.42,92.1
2025-07-24 19:46:00,71.42,92.1
2025-07-24 20:46:00,71.42,92.4
2025-07-24 21:46:00,71.42,92.4
2025-07-24 22:46:00,71.24,91.7
2025-07-24 23:46:00,71.24,90.9
2025-07-25 00:46:00,71.24,91.4
2025-07-25 01:46:00,71.24,91.4
2025-07-25 02:46:00,71.06,90.9
2025-07-25 03:46:00,71.24,90.2
2025-07-25 04:46:00,71.24,90.6
2025-07-25 05:46:00,71.24,90.7
2025-07-25 06:46:00,71.24,90.8
2025-07-25 07:46:00,71.24,90.5
2025-07-25 08:46:00,71.42,90.8
2025-07-25 09:46:00,71.42,91.1
2025-07-25 10:46:00,71.42,91
2025-07-25 11:46:00,71.42,90.5
2025-07-25 12:46:00,71.42,90.9
2025-07-25 13:46:00,71.42,90.4
2025-07-25 14:46:00,71.6,90.8
2025-07-25 15:46:00,71.42,92.2
2025-07-25 16:46:00,71.24,92.2
2025-07-25 17:46:00,71.24,92.5
2025-07-25 18:46:00,71.24,91.3
2025-07-25 19:46:00,71.24,93.2
2025-07-25 20:46:00,71.24,93.3
2025-07-25 21:46:00,71.24,92.6
2025-07-25 22:46:00,71.24,93
2025-07-25 23:46:00,71.24,92.2
2025-07-26 00:46:00,71.24,92.2
2025-07-26 01:46:00,71.24,92.8
2025-07-26 02:46:00,71.06,92.7
2025-07-26 03:46:00,71.24,91
2025-07-26 04:46:00,71.24,91.4
2025-07-26 05:46:00,71.24,91.3
2025-07-26 06:46:00,71.24,91.2
2025-07-26 07:46:00,71.24,91.4
2025-07-26 08:46:00,71.24,91.2
2025-07-26 09:46:00,71.24,91.4
2025-07-26 10:46:00,71.42,91.3
2025-07-26 11:46:00,71.24,90.8
2025-07-26 12:46:00,71.42,90.3
2025-07-26 13:46:00,71.6,90.5
2025-07-26 14:46:00,71.78,89.8
2025-07-26 15:46:00,71.96,89.8
2025-07-26 16:46:00,72.68,90
2025-07-26 17:46:00,73.22,89.9
2025-07-26 18:46:00,73.22,90.4
2025-07-26 19:46:00,72.5,89.9
2025-07-26 20:46:00,72.14,90.6
2025-07-26 21:46:00,71.96,92.5
2025-07-26 22:46:00,72.32,91.3
2025-07-26 23:46:00,72.14,90.6
2025-07-27 00:46:00,71.96,90.5
2025-07-27 01:46:00,71.96,90.6
2025-07-27 02:46:00,71.78,90.5
2025-07-27 03:46:00,71.78,90.7
2025-07-27 04:46:00,71.78,90.5
2025-07-27 05:46:00,71.6,90.8
2025-07-27 06:46:00,71.6,90.8
2025-07-27 07:46:00,71.6,90.9
2025-07-27 08:46:00,71.78,91.4
2025-07-27 09:46:00,71.6,90.6
2025-07-27 10:46:00,71.42,90.5
2025-07-27 11:46:00,71.42,91
2025-07-27 12:46:00,71.42,90.1
2025-07-27 13:46:00,71.42,90.6
2025-07-27 14:46:00,71.42,90.9
2025-07-27 15:46:00,71.6,89.2
2025-07-27 16:46:00,71.6,90.1
2025-07-27 17:46:00,71.6,90.1
2025-07-27 18:46:00,71.6,91.8
2025-07-27 19:46:00,71.78,91.7
2025-07-27 20:46:00,71.6,92.6
2025-07-27 21:46:00,71.78,92.9
2025-07-27 22:46:00,71.6,92.9
2025-07-27 23:46:00,71.6,93
2025-07-28 00:46:00,71.6,92.4
2025-07-28 01:46:00,71.42,91
2025-07-28 02:46:00,71.42,92.7
2025-07-28 03:46:00,71.42,92.8
2025-07-28 04:46:00,71.42,92.6
2025-07-28 05:46:00,71.42,92.3
2025-07-28 06:46:00,71.42,91.5
2025-07-28 07:46:00,71.42,91.4
2025-07-28 08:46:00,71.42,92
2025-07-28 09:46:00,71.42,90.3
2025-07-28 10:46:00,71.42,90.2
2025-07-28 11:46:00,71.42,91.6
2025-07-28 12:46:00,71.96,90.5
2025-07-28 13:46:00,71.42,90
2025-07-28 14:46:00,71.78,90
2025-07-28 15:46:00,71.78,92.2
2025-07-28 16:46:00,71.78,93.7
2025-07-28 17:46:00,71.78,93.2
2025-07-28 18:46:00,71.78,92.9
2025-07-28 19:46:00,71.78,91.3
2025-07-28 20:46:00,71.6,92.8
2025-07-28 21:46:00,71.6,92.8
2025-07-28 22:46:00,71.6,92.9
2025-07-28 23:46:00,71.6,92.7
2025-07-29 00:46:00,71.6,91.3
2025-07-29 01:46:00,71.6,91.8
2025-07-29 02:46:00,71.6,91.9
2025-07-29 05:46:00,71.42,91.2
2025-07-29 07:46:00,71.42,91.4
2025-07-29 08:46:00,71.42,91.3
2025-07-29 09:46:00,71.6,92
2025-07-29 10:46:00,71.42,91.1
2025-07-29 11:46:00,71.42,92.7
2025-07-29 12:46:00,71.42,90.8
2025-07-29 13:46:00,71.42,90.8
2025-07-29 14:46:00,71.42,91.5
2025-07-29 15:46:00,71.6,93.6
2025-07-29 16:46:00,71.6,93.5
2025-07-29 17:46:00,71.6,93
2025-07-29 18:46:00,71.6,93.5
2025-07-29 19:46:00,71.78,93.8
2025-07-29 20:46:00,71.78,93.9
2025-07-29 21:46:00,71.78,93.2
2025-07-29 22:46:00,71.78,93.2
2025-07-29 23:46:00,71.78,93.3
2025-07-30 00:46:00,71.78,93.2
2025-07-30 01:46:00,71.78,92.8
2025-07-30 02:46:00,71.78,92.4
2025-07-30 03:46:00,71.78,92.4
2025-07-30 04:46:00,71.6,93.4
2025-07-30 05:46:00,71.6,93.4
2025-07-30 06:46:00,71.6,93.3
2025-07-30 07:46:00,71.42,93.5
2025-07-30 08:46:00,71.42,93.9
2025-07-30 09:46:00,71.42,92.6
2025-07-30 10:46:00,71.42,91.6
2025-07-30 11:46:00,71.42,92.8
2025-07-30 12:46:00,71.96,92.4
2025-07-30 13:46:00,72.14,92.3
2025-07-30 14:46:00,72.32,93.1
2025-07-30 15:46:00,72.14,93.9
2025-07-30 16:46:00,71.96,94
2025-07-30 17:46:00,71.78,93.8
2025-07-30 18:46:00,71.78,93.6
2025-07-30 19:46:00,71.78,93.6
2025-07-30 20:46:00,71.6,94
2025-07-30 21:46:00,71.6,93.7
2025-07-30 22:46:00,71.6,94.3
2025-07-30 23:46:00,71.42,92.9
2025-07-31 00:46:00,71.42,93.9
2025-07-31 01:46:00,71.42,93.9
2025-07-31 02:46:00,71.42,93.7
2025-07-31 03:46:00,71.42,93.7
2025-07-31 04:46:00,71.42,92.1
2025-07-31 05:46:00,71.42,92.3
2025-07-31 06:46:00,71.42,93.9
2025-07-31 07:46:00,71.42,93.8
2025-07-31 08:46:00,71.42,92.8
2025-07-31 09:46:00,71.6,92.4
2025-07-31 10:46:00,71.42,92.5
2025-07-31 11:46:00,71.42,92.1
2025-07-31 12:46:00,71.24,92.6
2025-07-31 13:46:00,71.42,91.5
2025-07-31 14:46:00,71.42,92.5
2025-07-31 15:46:00,71.42,92.1
2025-07-31 16:46:00,71.42,93.2
2025-07-31 17:46:00,71.42,93.1
2025-07-31 18:46:00,71.24,92.7
2025-07-31 19:46:00,71.42,93.8
2025-07-31 20:46:00,71.24,93.1
2025-07-31 21:46:00,71.24,94.2
2025-07-31 22:46:00,71.42,94.3
2025-07-31 23:46:00,71.42,94
2025-08-01 00:46:00,71.24,93.7
2025-08-01 01:46:00,71.42,93.6
2025-08-01 02:46:00,71.24,91.9
2025-08-01 03:46:00,71.42,93
2025-08-01 04:46:00,71.24,92.9
2025-08-01 05:46:00,71.24,92.1
2025-08-01 06:46:00,71.24,92.3
2025-08-01 07:46:00,71.24,93.8
2025-08-01 08:46:00,71.42,92.3
2025-08-01 09:46:00,73.76,83.4
2025-08-01 10:46:00,74.48,80.3
2025-08-01 11:46:00,74.84,79.3
2025-08-01 12:46:00,74.84,77.8
2025-08-01 13:46:00,73.58,82.6
2025-08-01 14:46:00,72.86,84.1
2025-08-01 15:46:00,72.5,84.5
2025-08-01 16:46:00,72.86,86.9
2025-08-01 17:46:00,72.86,87.6
2025-08-01 18:46:00,73.04,88.3
2025-08-01 19:46:00,72.68,87.9
2025-08-01 20:46:00,72.32,88.8
2025-08-01 21:46:00,72.14,90.1
2025-08-01 22:46:00,72.14,90.2
2025-08-01 23:46:00,72.14,89.8
2025-08-02 00:46:00,72.14,90.3
2025-08-02 01:46:00,72.14,90.3
2025-08-02 02:46:00,72.14,90.5
2025-08-02 03:46:00,71.96,90.4
2025-08-02 04:46:00,71.96,90.6
2025-08-02 05:46:00,71.78,90.1
2025-08-02 06:46:00,71.78,89.7
2025-08-02 07:46:00,71.6,89.9
2025-08-02 08:46:00,71.6,90.5
2025-08-02 09:46:00,71.42,89.8
2025-08-02 10:46:00,71.42,89.9
2025-08-02 11:46:00,71.6,88.9
2025-08-02 12:46:00,71.6,88.6
2025-08-02 13:46:00,71.78,88.5
2025-08-02 14:46:00,71.6,88.4
2025-08-02 15:46:00,71.42,88.2
2025-08-02 16:46:00,71.24,90.5
2025-08-02 17:46:00,71.06,90.3
2025-08-02 18:46:00,71.24,91
2025-08-02 19:46:00,71.06,90.4
2025-08-02 20:46:00,70.7,90.2
2025-08-02 21:46:00,70.7,90.7
2025-08-02 22:46:00,70.52,88.7
2025-08-02 23:46:00,70.34,88.7
2025-08-03 00:46:00,70.16,88.8
2025-08-03 01:46:00,69.8,88.4
2025-08-03 02:46:00,69.98,89.9
2025-08-03 03:46:00,69.98,89.5
2025-08-03 04:46:00,69.8,89.5
2025-08-03 05:46:00,69.8,89.9
2025-08-03 06:46:00,69.62,89.6
2025-08-03 07:46:00,69.62,89
2025-08-03 08:46:00,69.26,88.2
2025-08-03 10:46:00,69.26,88.9
2025-08-03 14:46:00,68.9,88.3
2025-08-03 15:46:00,69.08,88.7
2025-08-03 16:46:00,68.72,87.5
2025-08-03 17:46:00,68.72,87.3
2025-08-03 18:46:00,68.72,87.5
2025-08-03 19:46:00,68.72,87.9
2025-08-03 20:46:00,68.54,87.6
2025-08-03 21:46:00,68.36,86.3
2025-08-03 22:46:00,68.18,87.2
2025-08-03 23:46:00,68.18,87.8
2025-08-04 00:46:00,68.18,88.2
2025-08-04 01:46:00,68.18,88.4
2025-08-04 02:46:00,68.18,88.6
2025-08-04 03:46:00,68.18,88.7
2025-08-04 04:46:00,68.18,88.8
2025-08-04 05:46:00,68.18,89.1
2025-08-04 06:46:00,68.18,89.1
2025-08-04 07:46:00,68.18,89.4
2025-08-04 08:46:00,68,88.5
2025-08-04 09:46:00,67.82,87.7
2025-08-04 10:46:00,68,88.1
2025-08-04 11:46:00,67.82,88.5
2025-08-04 12:46:00,68,89.4
2025-08-04 13:46:00,68.18,89.9
2025-08-04 14:46:00,68.18,89.7
2025-08-04 15:46:00,68.36,89.9
2025-08-04 16:46:00,68.36,89.9
2025-08-04 17:46:00,68.36,90.2
2025-08-04 18:46:00,68.36,90.6
2025-08-04 19:46:00,68.36,90.3
2025-08-04 20:46:00,68.36,90.3
2025-08-04 21:46:00,68.18,90.2
2025-08-04 22:46:00,68.18,90.5
2025-08-04 23:46:00,68.18,90.6
2025-08-05 00:46:00,68.36,90.9
2025-08-05 01:46:00,68.36,91
2025-08-05 02:46:00,68.18,90.8
2025-08-05 03:46:00,68.18,90.7
2025-08-05 04:46:00,68.36,90.9
2025-08-05 05:46:00,68.18,90.9
2025-08-05 06:46:00,68.18,90.9
2025-08-05 07:46:00,68.18,90.7
2025-08-05 08:46:00,68.18,90.8
2025-08-05 09:46:00,68.18,90.8
2025-08-05 10:46:00,68.18,91.1
2025-08-05 11:46:00,69.62,84.7
2025-08-05 12:46:00,70.52,81.5
2025-08-05 13:46:00,71.24,79.2
2025-08-05 14:46:00,71.6,77.5
2025-08-05 15:46:00,71.96,76.8
2025-08-05 16:46:00,72.32,75.3
2025-08-05 17:46:00,72.68,74.7
2025-08-05 18:46:00,72.68,74.8
2025-08-05 19:46:00,72.86,73.8
2025-08-05 20:46:00,73.04,73.4
2025-08-05 21:46:00,72.68,73.7
2025-08-05 22:46:00,72.86,73.1
2025-08-05 23:46:00,72.68,72.6
2025-08-06 00:46:00,73.04,72.1
2025-08-06 01:46:00,73.22,71.3
2025-08-06 02:46:00,73.22,70.1
2025-08-06 03:46:00,72.86,69.4
2025-08-06 04:46:00,72.68,69.8
2025-08-06 05:46:00,72.68,69.4
2025-08-06 06:46:00,72.5,69.5
2025-08-06 07:46:00,72.68,69.2
2025-08-06 08:46:00,72.86,68.8
2025-08-06 09:46:00,73.04,68.8
2025-08-06 10:46:00,73.22,68.6
2025-08-06 11:46:00,73.4,69.6
2025-08-06 12:46:00,73.94,68.5
2025-08-06 13:46:00,74.12,68.1
2025-08-06 14:46:00,74.3,68.1
2025-08-06 15:46:00,74.3,68.2
2025-08-06 16:46:00,74.48,68.6
2025-08-06 17:46:00,74.48,69
2025-08-06 18:46:00,74.66,68.6
2025-08-06 19:46:00,74.84,68.2
2025-08-06 20:46:00,75.02,67.7
2025-08-06 21:46:00,75.02,67.7
2025-08-06 22:46:00,75.02,68.3
2025-08-06 23:46:00,75.02,67.6
2025-08-07 00:46:00,75.02,67.7
2025-08-07 01:46:00,75.2,66.8
2025-08-07 02:46:00,75.02,66.5
2025-08-07 03:46:00,75.02,66.7
2025-08-07 04:46:00,75.02,65.9
2025-08-07 05:46:00,75.2,65.9
2025-08-07 06:46:00,75.2,65.9
2025-08-07 07:46:00,75.2,65.2
2025-08-07 08:46:00,75.38,65.2
2025-08-07 09:46:00,75.38,64.9
2025-08-07 10:46:00,75.38,65.3
2025-08-07 11:46:00,75.56,65.3
2025-08-07 12:46:00,75.74,64.8
2025-08-07 13:46:00,75.92,65
2025-08-07 14:46:00,75.92,65.2
2025-08-07 15:46:00,76.1,65.4
2025-08-07 16:46:00,76.1,65.1
2025-08-07 17:46:00,76.1,65.4
2025-08-07 18:46:00,76.28,64.8
2025-08-07 19:46:00,76.28,64.8
2025-08-07 20:46:00,76.28,64.5
2025-08-07 21:46:00,76.1,64.5
2025-08-07 22:46:00,76.1,65.3
2025-08-07 23:46:00,76.1,64.7
2025-08-08 00:46:00,76.28,64.3
2025-08-08 01:46:00,76.1,64.2
2025-08-08 02:46:00,75.74,64.7
2025-08-08 03:46:00,75.92,61.66
2025-08-08 04:46:00,75.74,64.6
2025-08-08 05:46:00,75.74,64.3
2025-08-08 07:46:00,75.92,63.6
2025-08-08 08:46:00,75.92,63.8
2025-08-08 09:46:00,75.92,63.9
2025-08-08 10:46:00,76.28,63.1
2025-08-08 11:46:00,76.46,63.1
2025-08-08 12:46:00,76.64,63
2025-08-08 13:46:00,76.64,63.1
2025-08-08 15:46:00,76.64,63.3
2025-08-08 17:46:00,76.82,63.1
2025-08-08 18:46:00,76.64,62.8
2025-08-08 19:46:00,76.82,62.8
2025-08-08 20:46:00,76.64,63
2025-08-08 21:46:00,76.64,63.3
2025-08-08 22:46:00,76.64,62.9
2025-08-08 23:46:00,76.46,63
2025-08-09 00:46:00,76.46,63.2
2025-08-09 03:46:00,76.64,62.9
2025-08-09 04:46:00,76.46,62.9
2025-08-09 08:46:00,76.46,62.3
2025-08-09 09:46:00,76.46,62.3
2025-08-09 10:46:00,76.64,62
2025-08-09 11:46:00,76.82,61.4
2025-08-09 12:46:00,76.82,61.5
2025-08-09 14:46:00,77,61.8
2025-08-09 15:46:00,77,61.7
2025-08-09 16:46:00,77.18,61.9
2025-08-09 17:46:00,77.18,61.7
2025-08-09 18:46:00,77.18,61.4
2025-08-09 19:46:00,77.18,61.5
2025-08-09 20:46:00,77.18,61.2
2025-08-09 21:46:00,77,61.1
2025-08-09 22:46:00,77,60.8
2025-08-09 23:46:00,76.64,61.8
2025-08-10 00:46:00,76.46,61.9
2025-08-10 01:46:00,76.46,61.9
2025-08-10 02:46:00,76.28,61.7
2025-08-10 04:46:00,76.1,61.9
2025-08-10 05:46:00,75.92,61.7
2025-08-10 06:46:00,75.92,61.4
2025-08-10 07:46:00,75.92,61.9
2025-08-10 08:46:00,75.92,62.1
2025-08-10 09:46:00,76.1,61.7
2025-08-10 10:46:00,76.46,61.3
2025-08-10 11:46:00,76.46,61.7
2025-08-10 12:46:00,76.64,61.6
2025-08-10 13:46:00,76.82,61.5
2025-08-10 15:46:00,77,61.3
2025-08-10 16:46:00,77.18,61.3
2025-08-10 18:46:00,77.72,61.9
2025-08-10 19:46:00,77.54,61.6
2025-08-10 20:46:00,77.5,61.44
2025-08-10 23:46:00,77.54,62.3
2025-08-11 00:46:00,77.54,62.4
2025-08-11 01:46:00,77.54,63.5
2025-08-11 02:46:00,77.54,62.7
2025-08-11 03:46:00,77.54,62.9
2025-08-11 04:46:00,77.54,63.2
2025-08-11 05:46:00,77.54,63.7
2025-08-11 06:46:00,77.54,63.4
2025-08-11 07:46:00,77.54,62.7
2025-08-11 08:46:00,77.72,61.6
2025-08-11 09:46:00,77.54,63.5
2025-08-11 11:46:00,77.54,61.5
2025-08-11 12:46:00,77.54,61.6
2025-08-11 13:46:00,77.54,61.7
2025-08-11 14:46:00,77.54,61.7
2025-08-11 15:46:00,77.54,61.2
2025-08-11 17:46:00,77.72,61.9
2025-08-11 18:46:00,77.72,61.6
2025-08-11 19:46:00,77.72,61.3
2025-08-11 20:46:00,77.72,62.2
2025-08-11 21:46:00,77.72,62.8
2025-08-11 22:46:00,77.72,62
2025-08-11 23:46:00,77.72,62.4
2025-08-12 00:46:00,77.54,62.5
2025-08-12 01:46:00,77.54,61.8
2025-08-12 03:46:00,77.36,61.7
2025-08-12 04:46:00,77.36,62
2025-08-12 05:46:00,77.36,62.2
2025-08-12 06:46:00,77.18,62.1
2025-08-12 07:46:00,77.18,61.9
2025-08-12 08:46:00,77.18,62.2
2025-08-12 10:46:00,77.18,61.2
2025-08-12 11:46:00,77.36,61.7
2025-08-12 12:46:00,77.36,61.2
2025-08-12 13:46:00,77.36,61
2025-08-12 14:46:00,77.54,61.6
2025-08-12 15:46:00,77.54,61.1
2025-08-12 16:46:00,77.54,61.4
2025-08-12 17:46:00,77.9,63.6
2025-08-12 19:46:00,77.72,61.7
2025-08-12 20:46:00,77.72,62.2
2025-08-12 21:46:00,77.72,61.9
2025-08-12 22:46:00,77.72,61.9
2025-08-12 23:46:00,77.72,61.9
2025-08-13 00:46:00,77.72,61.5
2025-08-13 01:46:00,77.54,61.7
2025-08-13 02:46:00,77.54,62
2025-08-13 03:46:00,77.54,61.8
2025-08-13 04:46:00,77.54,62.1
2025-08-13 05:46:00,77.54,62.3
2025-08-13 06:46:00,77.36,62
2025-08-13 08:46:00,77.36,62.4
2025-08-13 10:46:00,77.54,62.1
2025-08-13 11:46:00,77.36,60.3
2025-08-13 12:46:00,77.36,60.5
2025-08-13 13:46:00,77.36,60.5
2025-08-13 14:46:00,77.36,60.6
2025-08-13 15:46:00,77.54,60.6
2025-08-13 16:46:00,77.72,63.1
2025-08-13 17:46:00,77.9,62.4
2025-08-13 18:46:00,77.9,62.6
2025-08-13 19:46:00,77.9,62.5
2025-08-13 20:46:00,77.9,62.5
2025-08-13 21:46:00,77.9,62.5
2025-08-13 22:46:00,77.72,62.7
2025-08-13 23:46:00,77.72,62.6
2025-08-14 00:46:00,77.72,62.6
2025-08-14 01:46:00,77.54,62.6
2025-08-14 02:46:00,77.54,62.3
2025-08-14 03:46:00,77.54,62.2
2025-08-14 04:46:00,77.54,62.6
2025-08-14 05:46:00,77.54,61.8
2025-08-14 06:46:00,77.36,62.1
2025-08-14 07:46:00,77.36,62.5
2025-08-14 08:46:00,77.36,62.2
2025-08-14 09:46:00,77.36,62.2
2025-08-14 10:46:00,77.54,61.7
2025-08-14 11:46:00,77.36,60.6
2025-08-14 12:46:00,77.54,60.8
2025-08-14 13:46:00,77.54,60.6
2025-08-14 14:46:00,77.72,60.3
2025-08-14 15:46:00,77.9,60.7
2025-08-14 16:46:00,77.9,60.2
2025-08-14 17:46:00,78.44,60.8
2025-08-14 18:46:00,78.08,59.9
2025-08-14 19:46:00,78.08,59.6
2025-08-14 20:46:00,78.08,59.4
2025-08-14 21:46:00,78.08,59.7
2025-08-14 22:46:00,78.08,60.4
2025-08-14 23:46:00,78.08,61.2
2025-08-15 00:46:00,78.08,60.8
2025-08-15 01:46:00,78.08,61.6
2025-08-15 02:46:00,78.08,61.8
2025-08-15 03:46:00,78.08,61.9
2025-08-15 04:46:00,77.9,62
2025-08-15 05:46:00,77.9,62.8
2025-08-15 06:46:00,77.72,62.4
2025-08-15 07:46:00,77.72,62.2
2025-08-15 08:46:00,77.72,61.4
2025-08-15 09:46:00,77.9,60.8
2025-08-15 10:46:00,77.9,61.1
2025-08-15 11:46:00,78.08,60.5
2025-08-15 12:46:00,78.08,60
2025-08-15 13:46:00,77.9,59.5
2025-08-15 14:46:00,77.9,59.1
2025-08-15 15:46:00,77.72,58.9
2025-08-15 16:46:00,77.72,58.7
2025-08-15 18:46:00,78.44,62.3
2025-08-15 19:46:00,78.44,62.1
2025-08-15 20:46:00,78.44,61.8
2025-08-15 21:46:00,78.44,61.6
2025-08-15 22:46:00,78.44,61.7
2025-08-15 23:46:00,78.44,61.6
2025-08-16 00:46:00,78.26,61.5
2025-08-16 01:46:00,78.26,61.8
2025-08-16 02:46:00,78.08,62.1
2025-08-16 03:46:00,78.08,61.5
2025-08-16 04:46:00,78.08,62.2
2025-08-16 05:46:00,77.9,62.6
2025-08-16 06:46:00,77.9,62.2
2025-08-16 07:46:00,77.9,61.7
2025-08-16 08:46:00,77.9,61.1
2025-08-16 09:46:00,77.9,60.9
2025-08-16 10:46:00,77.9,60.8
2025-08-16 11:46:00,78.26,61.4
2025-08-16 12:46:00,78.26,60.4
2025-08-16 13:46:00,78.44,60.3
2025-08-16 14:46:00,78.26,60.6
2025-08-16 15:46:00,78.08,59.4
2025-08-16 16:46:00,78.08,58.8
2025-08-16 18:46:00,78.26,61.3
2025-08-16 19:46:00,78.44,61.7
2025-08-16 20:46:00,78.26,62.1
2025-08-16 21:46:00,78.26,62.7
2025-08-16 22:46:00,78.26,62.2
2025-08-16 23:46:00,78.08,62.4
2025-08-17 00:46:00,78.08,62.5
2025-08-17 01:46:00,78.08,62.6
2025-08-17 02:46:00,77.9,62.3
2025-08-17 03:46:00,77.72,62.3
2025-08-17 04:46:00,77.72,61.9
2025-08-17 05:46:00,77.72,62.3
2025-08-17 06:46:00,77.72,61.7
2025-08-17 07:46:00,77.72,61.4
2025-08-17 09:46:00,77.54,62.5
2025-08-17 10:46:00,77.72,60.6
2025-08-17 11:46:00,77.72,59.6
2025-08-17 12:46:00,77.72,59
2025-08-17 13:46:00,77.9,59.4
2025-08-17 14:46:00,78.08,59.3
2025-08-17 15:46:00,77.9,59
2025-08-17 16:46:00,77.9,58.3
2025-08-17 17:46:00,77.72,57.8
2025-08-17 18:46:00,77.9,57.9
2025-08-17 20:46:00,78.08,58.6
2025-08-17 21:46:00,78.08,58.6
2025-08-17 22:46:00,78.08,58.6
2025-08-17 23:46:00,77.9,58.8
2025-08-18 00:46:00,77.9,59.8
2025-08-18 01:46:00,77.9,59.9
2025-08-18 02:46:00,77.72,60.6
2025-08-18 03:46:00,77.72,60.6
2025-08-18 04:46:00,77.72,60.8
2025-08-18 05:46:00,77.72,60.8
2025-08-18 06:46:00,77.54,61
2025-08-18 07:46:00,77.54,60.6
2025-08-18 08:46:00,77.54,61.1
2025-08-18 09:46:00,77.72,60.5
2025-08-18 10:46:00,77.72,58.4
2025-08-18 11:46:00,77.9,59.6
2025-08-18 12:46:00,78.08,58.9
2025-08-18 13:46:00,78.08,58.8
2025-08-18 14:46:00,78.26,58.2
2025-08-18 15:46:00,78.26,57.9
2025-08-18 16:46:00,78.08,57.2
2025-08-18 17:46:00,77.9,57.2
2025-08-18 18:46:00,77.72,57.2
2025-08-18 19:46:00,78.08,58.88
2025-08-18 20:46:00,78.08,58
2025-08-18 21:46:00,78.08,59.7
2025-08-18 22:46:00,78.26,59.8
2025-08-19 01:46:00,78.44,60.9
2025-08-19 02:46:00,78.44,60.6
2025-08-19 03:46:00,78.26,59.8
2025-08-19 05:46:00,78.26,59.7
2025-08-19 06:46:00,78.26,59.6
2025-08-19 07:46:00,78.26,58.2
2025-08-19 08:46:00,78.08,58
2025-08-19 09:46:00,77.9,57.9
2025-08-19 10:46:00,77.9,59.3
2025-08-19 11:46:00,78.44,60.9
2025-08-19 12:46:00,78.62,61.3
2025-08-19 13:46:00,79.34,62.4
2025-08-19 14:46:00,79.7,61.9
2025-08-19 15:46:00,79.7,60.5
2025-08-19 16:46:00,79.7,60.5
2025-08-19 17:46:00,78.98,58.8
2025-08-19 18:46:00,78.98,60.2
2025-08-19 19:46:00,78.98,61
2025-08-19 20:46:00,78.98,61.1
2025-08-19 21:46:00,78.98,60.7
2025-08-19 22:46:00,78.8,60.4
2025-08-19 23:46:00,78.8,60.5
2025-08-20 00:46:00,78.62,60.5
2025-08-20 01:46:00,78.62,60.4
2025-08-20 02:46:00,78.62,60
2025-08-20 03:46:00,78.44,60.9
2025-08-20 04:46:00,78.44,60.6
2025-08-20 05:46:00,78.44,60.3
2025-08-20 06:46:00,78.26,59.6
2025-08-20 07:46:00,78.26,60.6
2025-08-20 08:46:00,78.26,60.5
2025-08-20 09:46:00,78.26,60.1
2025-08-20 10:46:00,78.44,59.6
2025-08-20 11:46:00,78.44,58.8
2025-08-20 12:46:00,78.62,59.9
2025-08-20 13:46:00,78.62,59.3
2025-08-20 14:46:00,78.8,58.8
2025-08-20 15:46:00,73.47,53.76
2025-08-20 16:46:00,78.44,57.6
2025-08-20 17:46:00,78.44,57.1
2025-08-20 19:46:00,78.98,60.5
2025-08-20 20:46:00,78.62,61.3
2025-08-20 21:46:00,78.62,61.5
2025-08-20 22:46:00,78.44,61.7
2025-08-20 23:46:00,78.44,61.8
2025-08-21 00:46:00,78.44,61.2
2025-08-21 01:46:00,78.26,60.9
2025-08-21 02:46:00,78.26,60.9
2025-08-21 04:46:00,78.08,60.7
2025-08-21 05:46:00,78.08,59.9
2025-08-21 06:46:00,78.08,60.3
2025-08-21 07:46:00,77.9,60.3
2025-08-21 08:46:00,78.08,60.4
2025-08-21 09:46:00,78.08,58.8
2025-08-21 10:46:00,78.08,59.4
2025-08-21 11:46:00,78.26,59
2025-08-21 12:46:00,78.44,60
2025-08-21 13:46:00,78.8,60.2
2025-08-21 14:46:00,78.62,59.5
2025-08-21 15:46:00,78.44,61.1
2025-08-21 16:46:00,78.44,61.2
2025-08-21 17:46:00,78.44,61
2025-08-21 18:46:00,78.62,60.6
2025-08-21 19:46:00,78.62,60.4
2025-08-21 20:46:00,78.62,61.1
2025-08-21 21:46:00,78.44,60.7
2025-08-21 22:46:00,78.44,61
2025-08-21 23:46:00,78.44,59.9
2025-08-22 00:46:00,78.08,60.3
2025-08-22 01:46:00,78.08,60.2
2025-08-22 02:46:00,78.08,60.1
2025-08-22 03:46:00,78.08,59.8
2025-08-22 04:46:00,77.9,60.7
2025-08-22 05:46:00,77.9,58.5
2025-08-22 06:46:00,77.9,58.9
2025-08-22 07:46:00,77.9,58.4
2025-08-22 08:46:00,77.72,58.9
2025-08-22 09:46:00,77.72,60.1
2025-08-22 10:46:00,77.9,59.6
2025-08-22 11:46:00,77.72,58.9
2025-08-22 12:46:00,77.72,59
2025-08-22 13:46:00,77.9,59.5
2025-08-22 14:46:00,77.9,58.7
2025-08-22 15:46:00,78.08,59.3
2025-08-22 16:46:00,78.44,59.7
2025-08-22 17:46:00,78.62,60.3
2025-08-22 18:46:00,78.8,59.5
2025-08-22 19:46:00,78.8,60.4
2025-08-22 20:46:00,78.62,60
2025-08-22 21:46:00,78.44,59.7
2025-08-22 22:46:00,78.44,60.1
2025-08-22 23:46:00,78.44,59.1
2025-08-23 00:46:00,78.44,59.7
2025-08-23 01:46:00,78.26,59.4
2025-08-23 02:46:00,78.26,59.6
2025-08-23 03:46:00,78.08,59.7
2025-08-23 04:46:00,78.08,58.8
2025-08-23 05:46:00,78.08,58.6
2025-08-23 06:46:00,77.9,59.1
2025-08-23 07:46:00,77.9,59
2025-08-23 08:46:00,77.9,59.4
2025-08-23 09:46:00,77.5,57.32
2025-08-23 10:46:00,77.5,56.32
2025-08-23 11:46:00,77.72,56.98
2025-08-23 12:46:00,78.08,59.7
2025-08-23 13:46:00,78.08,58.9
2025-08-23 14:46:00,78.08,58.7
2025-08-23 15:46:00,78.44,59.1
2025-08-23 16:46:00,78.62,59
2025-08-23 17:46:00,78.62,58.8
2025-08-23 18:46:00,78.62,58.9
2025-08-23 19:46:00,78.44,58.7
2025-08-23 20:46:00,78.44,59
2025-08-23 21:46:00,78.26,58.7
2025-08-23 22:46:00,78.08,58.9
2025-08-23 23:46:00,77.9,59.4
2025-08-24 00:46:00,77.9,59.4
2025-08-24 01:46:00,77.72,59.5
2025-08-24 02:46:00,77.54,59.4
2025-08-24 03:46:00,77.54,59.4
2025-08-24 04:46:00,77.54,59.3
2025-08-24 05:46:00,77.36,59.3
2025-08-24 06:46:00,77.36,59.5
2025-08-24 07:46:00,77.36,59.7
2025-08-24 08:46:00,77.36,60
2025-08-24 09:46:00,77.36,59.2
2025-08-24 10:46:00,77.54,58.7
2025-08-24 11:46:00,77.54,58.6
2025-08-24 12:46:00,77.54,58.7
2025-08-24 13:46:00,77.72,59.6
2025-08-24 14:46:00,77.72,60.4
2025-08-24 15:46:00,77.72,59.2
2025-08-24 17:46:00,77.72,57.8
2025-08-24 22:46:00,77.54,59.5
2025-08-24 23:46:00,77.36,59.5
2025-08-25 00:46:00,77.36,59.8
2025-08-25 01:46:00,77.36,59.7
2025-08-25 02:46:00,77.18,59.2
2025-08-25 03:46:00,77.18,59.4
2025-08-25 04:46:00,77,59
2025-08-25 05:46:00,76.82,58.6
2025-08-25 06:46:00,76.82,58.2
2025-08-25 07:46:00,76.82,57.7
2025-08-25 10:46:00,76.64,56.2
2025-08-25 11:46:00,76.64,55.5
2025-08-25 12:46:00,76.64,55.4
2025-08-25 13:46:00,76.64,55.3
2025-08-25 17:46:00,76.64,54.1
2025-08-25 18:46:00,76.64,54
2025-08-25 19:46:00,76.46,54.1
2025-08-25 20:46:00,76.28,53.9
2025-08-25 21:46:00,76.1,53.8
2025-08-25 22:46:00,75.92,53.9
2025-08-26 01:46:00,75.56,54.6
2025-08-26 02:46:00,75.38,54.9
2025-08-26 03:46:00,75.2,55.3
2025-08-26 05:46:00,73.47,51.2
2025-08-26 06:46:00,73.47,51.2
2025-08-26 09:46:00,74.84,54.3
2025-08-26 10:46:00,75.02,54.2
2025-08-26 21:46:00,75.02,52.8
2025-08-26 22:46:00,75.02,53.4
2025-08-27 04:46:00,73.4,54.5
2025-08-29 01:46:00,74.12,54.8
2025-08-29 03:46:00,73.76,54.8
2025-08-29 04:46:00,73.4,55.1
2025-08-30 21:46:00,75.38,56
2025-08-31 03:46:00,75.2,56.5
2025-08-31 05:46:00,75.02,56.5
2025-09-01 04:46:00,74.66,55.9
2025-09-01 05:46:00,74.48,55.8
2025-09-03 01:46:00,74.84,55.4
2025-09-07 20:46:00,74.66,51.7
2025-09-07 21:46:00,74.48,52.2
2025-09-07 22:46:00,74.3,52.6
2025-09-07 23:46:00,74.12,52.7
2025-09-08 00:46:00,73.94,53.1
2025-09-08 01:46:00,73.76,52.9
2025-09-08 02:46:00,73.4,53.3
2025-09-08 03:46:00,73.22,53.3
2025-09-08 04:46:00,72.86,53.5
2025-09-08 05:46:00,72.68,53.6
2025-09-08 06:46:00,72.5,53.8
2025-09-08 07:46:00,72.32,53.9
2025-09-08 08:46:00,72.5,53.5
2025-09-08 09:46:00,72.68,52.8
2025-09-08 10:46:00,72.68,51.9
2025-09-08 11:46:00,73.04,52.2
2025-09-08 12:46:00,73.22,52.6
2025-09-08 13:46:00,73.58,51.4
2025-09-08 14:46:00,73.94,52
2025-09-08 15:46:00,74.3,52
2025-09-08 16:46:00,74.3,52.9
2025-09-08 17:46:00,74.3,53.4
2025-09-08 18:46:00,74.3,53
2025-09-08 19:46:00,74.3,52.2
2025-09-08 20:46:00,74.12,52.3
2025-09-08 21:46:00,73.94,52.7
2025-09-08 22:46:00,73.94,52.4
2025-09-08 23:46:00,73.76,52.7
2025-09-09 00:46:00,73.4,52.4
2025-09-09 01:46:00,73.22,52.3
2025-09-09 02:46:00,72.86,52.5
2025-09-09 03:46:00,72.5,52.3
2025-09-09 04:46:00,72.32,52.7
2025-09-09 05:46:00,71.96,52.2
2025-09-09 06:46:00,71.6,52.3
2025-09-09 07:46:00,71.42,52.5
2025-09-09 08:46:00,71.42,52.6
2025-09-09 09:46:00,71.42,52.4
2025-09-09 10:46:00,71.42,51.9
2025-09-09 11:46:00,71.78,51.6
2025-09-09 12:46:00,71.56,51.28
2025-09-09 13:46:00,72.68,51.9
2025-09-09 15:46:00,73.22,52.1
2025-09-09 16:46:00,73.22,52.6
2025-09-09 17:46:00,73.4,53.2
2025-09-09 18:46:00,73.58,54
2025-09-09 19:46:00,73.76,53.8
2025-09-09 20:46:00,73.94,53.6
2025-09-09 21:46:00,73.76,53.2
2025-09-09 23:46:00,73.22,52.3
2025-09-10 00:46:00,73.04,52.8
2025-09-10 01:46:00,72.86,52.7
2025-09-10 02:46:00,72.5,52.8
2025-09-10 03:46:00,72.32,53
2025-09-10 04:46:00,71.96,52.7
2025-09-10 05:46:00,71.78,52.8
2025-09-10 06:46:00,71.42,52.9
2025-09-10 07:46:00,71.42,53.1
2025-09-11 04:46:00,72.32,53.9
2025-09-13 04:46:00,73.94,55.1
2025-09-13 12:46:00,74.48,54.2
2025-09-13 13:46:00,74.84,53.3
2025-09-13 14:46:00,75.02,53.8
2025-09-13 15:46:00,75.02,54.6
2025-09-13 16:46:00,75.02,54.6
2025-09-13 17:46:00,75.02,54.9
2025-09-13 18:46:00,75.2,55.8
2025-09-13 19:46:00,75.2,55.4
2025-09-13 20:46:00,75.2,55.4
2025-09-13 21:46:00,75.02,56.4
2025-09-13 22:46:00,75.02,56.3
2025-09-13 23:46:00,75.02,55.9
2025-09-14 00:46:00,74.84,55.8
2025-09-14 01:46:00,74.84,55.6
2025-09-14 02:46:00,74.48,55.3
2025-09-14 03:46:00,74.3,55.2
2025-09-14 04:46:00,74.12,55.1
2025-09-14 05:46:00,73.94,54.6
2025-09-14 06:46:00,73.76,55
2025-09-14 07:46:00,73.58,55.3
2025-09-14 08:46:00,73.58,55.5
2025-09-14 09:46:00,73.94,55.5
2025-09-14 10:46:00,74.7,53.76
2025-09-14 11:46:00,74.3,55.1
2025-09-14 12:46:00,74.48,55
2025-09-14 13:46:00,74.66,54.7
2025-09-14 14:46:00,74.66,54.8
2025-09-14 15:46:00,74.84,54.4
2025-09-14 16:46:00,74.84,54.6
2025-09-14 17:46:00,74.84,54.6
2025-09-14 18:46:00,75.02,54.4
2025-09-14 19:46:00,75.02,54.8
2025-09-14 21:46:00,75.02,55.3
2025-09-14 22:46:00,75.02,55.3
2025-09-14 23:46:00,74.84,55.3
2025-09-15 00:46:00,74.84,55.1
2025-09-15 01:46:00,74.84,55.3
2025-09-15 02:46:00,74.48,55.2
2025-09-15 03:46:00,74.48,54.9
2025-09-15 04:46:00,74.12,55.1
2025-09-15 05:46:00,74.12,54.9
2025-09-15 06:46:00,73.94,54.9
2025-09-15 07:46:00,73.94,54.9
2025-09-15 08:46:00,73.94,54.9
2025-09-15 09:46:00,74.12,55.2
2025-09-15 10:46:00,74.48,55.2
2025-09-15 11:46:00,74.84,54.5
2025-09-15 12:46:00,74.84,54.9
2025-09-15 13:46:00,74.84,54.6
2025-09-15 14:46:00,75.02,54.7
2025-09-15 15:46:00,75.02,54.8
2025-09-15 16:46:00,75.02,57.8
2025-09-15 17:46:00,75.02,58.5
2025-09-15 18:46:00,75.2,58.5
2025-09-15 19:46:00,75.38,57.2
2025-09-15 20:46:00,75.38,56.7
2025-09-15 21:46:00,75.2,57.5
2025-09-15 22:46:00,75.2,57.7
2025-09-15 23:46:00,75.2,57.8
2025-09-16 00:46:00,75.2,57.5
2025-09-16 01:46:00,75.2,57.5
2025-09-16 02:46:00,75.2,57.6
2025-09-16 03:46:00,75.2,57.6
2025-09-16 04:46:00,75.02,57.5
2025-09-16 05:46:00,75.02,56.7
2025-09-16 06:46:00,74.84,57.3
2025-09-16 07:46:00,74.66,56.6
2025-09-16 08:46:00,74.66,57
2025-09-16 09:46:00,74.66,56.7
2025-09-16 10:46:00,74.66,57
2025-09-16 11:46:00,74.66,57.4
2025-09-16 12:46:00,74.84,57.1
2025-09-16 13:46:00,75.02,57
2025-09-16 14:46:00,75.2,56.2
2025-09-16 15:46:00,75.2,56.5
2025-09-16 16:46:00,75.38,56.8
2025-09-16 17:46:00,75.38,57
2025-09-16 18:46:00,75.38,57.1
2025-09-16 19:46:00,75.2,57.4
2025-09-16 20:46:00,75.2,57.1
2025-09-16 21:46:00,75.02,56.9
2025-09-16 22:46:00,75.02,57.3
2025-09-16 23:46:00,75.02,56.5
2025-09-17 00:46:00,74.84,55.5
2025-09-17 01:46:00,74.84,56.5
2025-09-17 02:46:00,74.66,56.8
2025-09-17 03:46:00,74.48,56.3
2025-09-17 04:46:00,74.3,56.6
2025-09-17 05:46:00,74.12,56.7
2025-09-17 06:46:00,74.12,56.5
2025-09-17 07:46:00,74.12,56.7
2025-09-17 08:46:00,74.12,56.7
2025-09-17 09:46:00,74.12,56.5
2025-09-17 10:46:00,74.3,56.6
2025-09-17 11:46:00,74.48,57.4
2025-09-17 12:46:00,74.84,56.4
2025-09-17 13:46:00,74.84,55.6
2025-09-17 14:46:00,74.84,55.6
2025-09-17 15:46:00,75.02,55.06
2025-09-17 16:46:00,75.02,55.1
2025-09-17 17:46:00,75.02,55.2
2025-09-17 18:46:00,75.02,55.4
2025-09-17 22:46:00,75.02,56
2025-09-17 23:46:00,75.02,55.9
2025-09-18 00:46:00,74.84,55.8
2025-09-18 01:46:00,74.84,55.6
2025-09-18 02:46:00,74.48,55.7
2025-09-18 03:46:00,74.3,55.6
2025-09-18 04:46:00,74.12,55.5
2025-09-18 05:46:00,73.94,55.5
2025-09-18 06:46:00,73.94,55.4
2025-09-18 07:46:00,73.58,55.4
2025-09-18 08:46:00,73.76,55.5
2025-09-18 09:46:00,73.94,55.6
2025-09-18 10:46:00,74.12,56
2025-09-18 11:46:00,74.48,55.7
2025-09-18 12:46:00,74.84,55.4
2025-09-18 13:46:00,75.02,54.9
2025-09-18 14:46:00,75.2,54.5
2025-09-18 15:46:00,75.38,54.5
2025-09-18 16:46:00,75.56,54.6
2025-09-18 17:46:00,75.38,54.7
2025-09-18 18:46:00,75.56,55.3
2025-09-18 19:46:00,75.74,55.6
2025-09-18 20:46:00,75.92,57.7
2025-09-18 21:46:00,75.92,57.7
2025-09-18 22:46:00,75.92,57.9
2025-09-18 23:46:00,75.92,58.1
2025-09-19 00:46:00,75.92,58.3
2025-09-19 01:46:00,75.92,58.1
2025-09-19 02:46:00,75.92,57.8
2025-09-19 04:46:00,75.74,57.5
2025-09-19 05:46:00,75.74,57.2
2025-09-19 06:46:00,75.56,57.1
2025-09-19 07:46:00,75.56,57.1
2025-09-19 08:46:00,75.56,57.3
2025-09-19 09:46:00,75.56,57.4
2025-09-19 10:46:00,75.74,57.3
2025-09-19 11:46:00,75.92,56.9
2025-09-19 12:46:00,76.1,56.3
2025-09-19 13:46:00,76.28,55.4
2025-09-19 14:46:00,76.46,54.8
2025-09-19 15:46:00,76.28,55.4
2025-09-19 16:46:00,76.28,55.4
2025-09-19 17:46:00,76.46,57.4
2025-09-19 18:46:00,76.64,57
2025-09-19 19:46:00,76.46,57.8
2025-09-19 20:46:00,76.28,58.2
2025-09-19 21:46:00,76.28,58.1
2025-09-19 22:46:00,76.28,57.8
2025-09-19 23:46:00,76.1,57.8
2025-09-20 00:46:00,76.1,57.3
2025-09-20 01:46:00,75.92,57.5
2025-09-20 02:46:00,75.92,57.3
2025-09-20 03:46:00,75.92,57.2
2025-09-20 04:46:00,75.74,57.5
2025-09-20 05:46:00,75.56,57
2025-09-20 06:46:00,75.38,57
2025-09-20 07:46:00,75.2,56.9
2025-09-20 08:46:00,75.02,56.7
2025-09-20 09:46:00,75.02,57.6
2025-09-20 10:46:00,75.38,57.4
2025-09-20 11:46:00,73.62,56.34
2025-09-20 12:46:00,75.92,57.5
2025-09-20 13:46:00,76.1,56.9
2025-09-20 15:46:00,75.92,56.4
2025-09-20 17:46:00,75.92,56.6
2025-09-20 18:46:00,76.1,56.8
2025-09-20 19:46:00,76.1,57.4
2025-09-20 20:46:00,75.92,58.2
2025-09-20 21:46:00,75.92,58.5
2025-09-20 22:46:00,75.92,58.3
2025-09-20 23:46:00,75.92,58
2025-09-21 00:46:00,75.92,57.5
2025-09-21 01:46:00,75.74,57.4
2025-09-21 02:46:00,75.56,56.9
2025-09-21 03:46:00,75.38,56.9
2025-09-21 04:46:00,75.38,56.5
2025-09-21 05:46:00,75.02,56.7
2025-09-21 06:46:00,74.84,56.7
2025-09-21 07:46:00,74.84,56.9
2025-09-21 08:46:00,74.66,57.4
2025-09-21 09:46:00,74.84,58.1
2025-09-21 10:46:00,75.2,58.5
2025-09-21 11:46:00,75.56,57.2
2025-09-21 12:46:00,75.74,56.6
2025-09-21 13:46:00,75.92,57
2025-09-21 14:46:00,75.74,56.6
2025-09-21 15:46:00,75.92,56.5
2025-09-21 16:46:00,76.1,56.5
2025-09-21 17:46:00,76.1,56.3
2025-09-21 18:46:00,76.1,56.3
2025-09-21 19:46:00,76.1,56.4
2025-09-21 20:46:00,76.1,57.2
2025-09-21 21:46:00,76.1,57.4
2025-09-21 22:46:00,76.28,57.1
2025-09-21 23:46:00,76.1,57.5
2025-09-22 00:46:00,76.1,57.4
2025-09-22 01:46:00,76.1,57
2025-09-22 02:46:00,76.1,56.5
2025-09-22 03:46:00,75.92,56.7
2025-09-22 04:46:00,75.92,56.6
2025-09-22 05:46:00,75.56,56.7
2025-09-22 06:46:00,75.56,56.2
2025-09-22 07:46:00,75.38,56.1
2025-09-22 08:46:00,75.2,56.1
2025-09-22 09:46:00,75.56,55.9
2025-09-22 10:46:00,75.74,56.1
2025-09-22 11:46:00,75.92,56.3
2025-09-22 12:46:00,75.92,56.4
2025-09-22 13:46:00,75.92,56.1
2025-09-22 14:46:00,76.46,56.2
2025-09-22 15:46:00,76.46,55.8
2025-09-22 16:46:00,76.64,55.3
2025-09-22 17:46:00,76.64,55
2025-09-22 18:46:00,76.46,54.9
2025-09-22 19:46:00,76.46,55.7
2025-09-22 20:46:00,76.28,56.2
2025-09-22 21:46:00,76.28,56.4
2025-09-22 22:46:00,76.28,56.8
2025-09-22 23:46:00,76.28,56.4
2025-09-23 00:46:00,76.1,56.7
2025-09-23 01:46:00,76.1,56.5
2025-09-23 02:46:00,75.92,56.5
2025-09-23 03:46:00,75.92,56.3
2025-09-23 04:46:00,75.74,56.2
2025-09-23 05:46:00,75.56,56.1
2025-09-23 06:46:00,75.56,56.2
2025-09-23 07:46:00,75.38,56.2
2025-09-23 08:46:00,75.38,56.4
2025-09-23 09:46:00,75.56,56.8
2025-09-23 10:46:00,75.74,56.3
2025-09-23 11:46:00,75.92,56
2025-09-23 12:46:00,76.1,55.6
2025-09-23 13:46:00,76.28,56.2
2025-09-23 14:46:00,76.64,56.2
2025-09-23 15:46:00,76.82,55.8
2025-09-23 16:46:00,76.82,56.3
2025-09-23 17:46:00,77,56.6
2025-09-23 18:46:00,77,56.9
2025-09-23 19:46:00,77,57
2025-09-23 20:46:00,77,57.1
2025-09-23 21:46:00,76.82,56.8
2025-09-23 22:46:00,76.82,56.9
2025-09-23 23:46:00,76.82,57.8
2025-09-24 00:46:00,76.82,57.8
2025-09-24 01:46:00,76.82,57.8
2025-09-24 02:46:00,76.82,57.5
2025-09-24 03:46:00,76.64,57.9
2025-09-24 04:46:00,76.64,57.9
2025-09-24 05:46:00,76.46,57.5
2025-09-24 06:46:00,76.46,57.3
2025-09-24 07:46:00,76.46,57.3
2025-09-24 08:46:00,76.28,57.3
2025-09-24 09:46:00,76.64,56.5
2025-09-24 10:46:00,76.82,56.3
2025-09-24 11:46:00,76.82,56.3
2025-09-24 12:46:00,76.82,56.4
2025-09-24 13:46:00,77,56.2
2025-09-24 14:46:00,77,57.5
2025-09-24 15:46:00,77.18,57.5
2025-09-24 16:46:00,77.18,58.3
2025-09-24 17:46:00,77.18,57.8
2025-09-24 18:46:00,77.18,57.4
2025-09-24 19:46:00,77,57.3
2025-09-24 20:46:00,77,57
2025-09-24 21:46:00,77,57.2
2025-09-24 22:46:00,77,57
2025-09-24 23:46:00,77,58.6
2025-09-25 00:46:00,77,58.6
2025-09-25 01:46:00,76.82,58.9
2025-09-25 02:46:00,76.82,58.1
2025-09-25 03:46:00,76.82,58.2
2025-09-25 04:46:00,76.82,58.1
2025-09-25 05:46:00,76.82,58.3
2025-09-25 06:46:00,76.82,58.2
2025-09-25 07:46:00,76.82,57.9
2025-09-25 08:46:00,76.82,58
2025-09-25 09:46:00,76.82,58.2
2025-09-25 10:46:00,76.82,57.5
2025-09-25 11:46:00,76.82,58.6
2025-09-25 12:46:00,76.82,57.7
2025-09-25 13:46:00,77.18,58.2
2025-09-25 14:46:00,77.18,57.7
2025-09-25 15:46:00,77.72,58
2025-09-25 16:46:00,77.54,58
2025-09-25 17:46:00,77.72,58.9
2025-09-25 18:46:00,77.72,58.6
2025-09-25 19:46:00,77.54,57.8
2025-09-25 20:46:00,77.54,57.1
2025-09-25 21:46:00,77.36,57.4
2025-09-25 22:46:00,77.18,58
2025-09-25 23:46:00,77.18,58.3
2025-09-26 00:46:00,77.18,58.7
2025-09-26 01:46:00,77.36,58
2025-09-26 02:46:00,77.18,58.7
2025-09-26 03:46:00,77.18,58.4
2025-09-26 04:46:00,77.18,58.3
2025-09-26 05:46:00,77.18,57.7
2025-09-26 06:46:00,77.18,58.7
2025-09-26 07:46:00,77.18,58
2025-09-26 08:46:00,77.18,57.8
2025-09-26 09:46:00,77.18,58.2
2025-09-26 10:46:00,77.18,57.3
2025-09-26 11:46:00,77.18,57.5
2025-09-26 12:46:00,77.18,57.3
2025-09-26 13:46:00,77.36,57.7
2025-09-26 14:46:00,77.54,56.9
2025-09-26 15:46:00,77.54,57.1
2025-09-26 16:46:00,77.54,59.2
2025-09-26 17:46:00,77.54,59.2
2025-09-26 18:46:00,77.54,57.3
2025-09-26 19:46:00,77.36,57.4
2025-09-26 20:46:00,77.18,57.5
2025-09-26 21:46:00,77,57.4
2025-09-26 22:46:00,77,57.5
2025-09-26 23:46:00,77,57.7
2025-09-27 00:46:00,77,57.2
2025-09-27 01:46:00,77,57.3
2025-09-27 02:46:00,77,56.4
2025-09-27 03:46:00,77,56.4
2025-09-27 04:46:00,76.82,56.3
2025-09-27 05:46:00,76.82,56.6
2025-09-27 06:46:00,76.82,56.6
2025-09-27 07:46:00,76.82,56.7
2025-09-27 08:46:00,76.82,56.7
2025-09-27 09:46:00,76.82,56.4
2025-09-27 10:46:00,76.82,57.3
2025-09-27 11:46:00,76.82,57.4
2025-09-27 12:46:00,77,57.1
2025-09-27 13:46:00,77,56.3
2025-09-27 14:46:00,76.82,56
2025-09-27 15:46:00,76.46,56.9
2025-09-27 16:46:00,76.64,57.1
2025-09-27 17:46:00,76.82,57
2025-09-27 18:46:00,76.82,57.2
2025-09-27 19:46:00,76.64,57.7
2025-09-27 20:46:00,76.82,57.4
2025-09-27 21:46:00,76.82,57.1
2025-09-27 22:46:00,76.82,57
2025-09-27 23:46:00,76.82,57.3
2025-09-28 00:46:00,76.64,57.2
2025-09-28 01:46:00,76.64,57.1
2025-09-28 02:46:00,76.46,57.3
2025-09-28 03:46:00,76.46,56.8
2025-09-28 04:46:00,76.28,56.9
2025-09-28 05:46:00,76.1,57.1
2025-09-28 06:46:00,75.92,56.8
2025-09-28 07:46:00,75.92,56.6
2025-09-28 08:46:00,75.92,56.5
2025-09-28 09:46:00,75.74,56.7
2025-09-28 10:46:00,75.92,56.1
2025-09-28 11:46:00,76.1,56.1
2025-09-28 12:46:00,76.28,56.4
2025-09-28 13:46:00,76.28,56.2
2025-09-28 14:46:00,76.46,56.4
2025-09-28 15:46:00,76.46,55.8
2025-09-28 16:46:00,76.64,55.6
2025-09-28 17:46:00,76.46,55.5
2025-09-28 18:46:00,76.46,55.2
2025-09-28 19:46:00,76.46,55.6
2025-09-28 20:46:00,76.46,56.5
2025-09-28 21:46:00,76.46,57.3
2025-09-28 22:46:00,76.46,57
2025-09-28 23:46:00,76.46,57.2
2025-09-29 00:46:00,76.46,56.9
2025-09-29 01:46:00,76.28,56.9
2025-09-29 02:46:00,76.28,56.6
2025-09-29 03:46:00,76.28,56.8
2025-09-29 04:46:00,76.1,56.4
2025-09-29 05:46:00,76.1,56.4
2025-09-29 06:46:00,76.1,56.7
2025-09-29 07:46:00,75.92,56.9
2025-09-29 08:46:00,75.92,56.9
